1,100, ,5.1E-05,6.8E-05,8E-06,7.1E-05,9.3E-05,6.9E-05, 
1,100, ,6.4E-05,8.1E-05,1E-05,9.6E-05,0.000124,8.3E-05, 
1,100, ,4.7E-05,6.4E-05,7E-06,6.5E-05,8.7E-05,5.3E-05, 
1,100, ,4.7E-05,6.4E-05,7E-06,6.6E-05,8.7E-05,5.3E-05, 
1,100, ,4.7E-05,6.4E-05,7E-06,6.6E-05,8.7E-05,5.3E-05, 
1,100, ,5E-05,6.4E-05,7E-06,6.6E-05,8.7E-05,5.3E-05, 
1,100, ,5E-05,6.4E-05,7E-06,6.6E-05,8.7E-05,5.3E-05, 
1,100, ,0.000104,0.000135,1.5E-05,0.00014,0.000184,0.000112, 
1,100, ,4.3E-05,5.8E-05,7E-06,6E-05,7.9E-05,4.8E-05, 
1,100, ,9E-05,0.000121,1.4E-05,0.000125,0.000212,9.8E-05, 
1,100, ,7.5E-05,0.000101,1.2E-05,0.000105,0.000138,8.4E-05, 
1,100, ,7.5E-05,0.000101,1.1E-05,0.000104,0.000138,8.4E-05, 
1,100, ,7.8E-05,0.000101,1.1E-05,0.000103,0.000137,8.2E-05, 
1,100, ,4.5E-05,6.1E-05,7E-06,6.3E-05,8.3E-05,5.1E-05, 
1,100, ,4.7E-05,6.1E-05,7E-06,6.2E-05,8.2E-05,5E-05, 
1,100, ,4.8E-05,6.1E-05,7E-06,7.6E-05,0.000104,5.1E-05, 
1,100, ,4.7E-05,6.1E-05,7E-06,6.3E-05,8.3E-05,5.1E-05, 
1,100, ,4.5E-05,6.1E-05,7E-06,6.3E-05,8.3E-05,5.1E-05, 
1,100, ,4.5E-05,6.1E-05,7E-06,6.2E-05,8.2E-05,5E-05, 
1,100, ,4.5E-05,6.1E-05,7E-06,6.2E-05,8.3E-05,5E-05, 
1,100, ,4.7E-05,6.1E-05,7E-06,6.2E-05,8.3E-05,5E-05, 
1,100, ,4.6E-05,6.1E-05,7E-06,6.2E-05,8.3E-05,5E-05, 
1,100, ,4.5E-05,6.1E-05,7E-06,6.2E-05,8.2E-05,5E-05, 
1,100, ,4.7E-05,6.1E-05,7E-06,6.4E-05,8.4E-05,5.1E-05, 
1,100, ,4.5E-05,6.1E-05,7E-06,6.2E-05,8.7E-05,6.8E-05, 
1,100, ,8.2E-05,0.00011,1.3E-05,0.000113,0.00015,9.1E-05, 
1,100, ,5.9E-05,7.6E-05,9E-06,7.8E-05,0.000103,6.2E-05, 
1,100, ,5.6E-05,7.6E-05,9E-06,7.7E-05,0.000103,6.2E-05, 
1,100, ,6.1E-05,7.6E-05,9E-06,7.8E-05,0.000103,6.3E-05, 
1,100, ,5.6E-05,7.6E-05,9E-06,7.9E-05,0.000103,6.2E-05, 
2,100, ,5.1E-05,4.1E-05,8E-06,5.2E-05,7E-05,6.6E-05, 
2,100, ,8.8E-05,3.8E-05,8E-06,5.6E-05,7.5E-05,5.7E-05, 
2,100, ,4.9E-05,3.5E-05,8E-06,5.1E-05,7.3E-05,6.7E-05, 
2,100, ,9.4E-05,5.2E-05,1.2E-05,7.5E-05,0.0001,9.3E-05, 
2,100, ,9E-05,5.2E-05,1.2E-05,7.5E-05,9.6E-05,9.3E-05, 
2,100, ,7E-05,5.1E-05,1.2E-05,7.4E-05,0.000104,9.6E-05, 
2,100, ,0.000103,5.9E-05,1.3E-05,7.8E-05,0.000113,0.000109, 
2,100, ,7.4E-05,5.3E-05,1.2E-05,7.3E-05,0.000102,9.5E-05, 
2,100, ,6.2E-05,4.4E-05,1E-05,7E-05,9.4E-05,8.7E-05, 
2,100, ,7E-05,4.5E-05,1E-05,6.2E-05,8.7E-05,7.5E-05, 
2,100, ,6.2E-05,4.5E-05,1E-05,9.3E-05,9.1E-05,8.7E-05, 
2,100, ,6.9E-05,5E-05,1.2E-05,8.7E-05,0.000106,9.7E-05, 
2,100, ,8.2E-05,5.1E-05,1.1E-05,7.4E-05,9.3E-05,8.9E-05, 
2,100, ,6.5E-05,4.6E-05,1.1E-05,7E-05,9.7E-05,7.6E-05, 
2,100, ,6.5E-05,4.8E-05,1.1E-05,7E-05,9.6E-05,8E-05, 
2,100, ,6.6E-05,4.9E-05,1.1E-05,7.2E-05,9.4E-05,8.7E-05, 
2,100, ,6.9E-05,4.8E-05,1.1E-05,6.5E-05,9.2E-05,7.4E-05, 
2,100, ,6.1E-05,4.5E-05,1E-05,6.6E-05,8.9E-05,8E-05, 
2,100, ,6.5E-05,4.4E-05,1E-05,0.000162,9.1E-05,8.5E-05, 
2,100, ,6.2E-05,4.7E-05,1.1E-05,6.8E-05,8.9E-05,8.5E-05, 
2,100, ,7E-05,4.8E-05,1.1E-05,7E-05,9E-05,8.5E-05, 
2,100, ,7.1E-05,5E-05,1.1E-05,7.3E-05,9.2E-05,9.1E-05, 
2,100, ,6.8E-05,4.8E-05,1.1E-05,7E-05,9.6E-05,0.000187, 
2,100, ,7.4E-05,5.1E-05,1.2E-05,7.6E-05,0.000103,8.8E-05, 
2,100, ,9.4E-05,5.1E-05,1.1E-05,6.8E-05,9.5E-05,9E-05, 
2,100, ,6.5E-05,4.9E-05,1.1E-05,6.9E-05,9.3E-05,8.5E-05, 
2,100, ,7E-05,4.9E-05,1.1E-05,7.1E-05,9.3E-05,9.6E-05, 
2,100, ,6.9E-05,4.8E-05,1.1E-05,0.000181,9.2E-05,9.5E-05, 
2,100, ,7E-05,4.8E-05,1.2E-05,7.5E-05,0.000104,8.3E-05, 
2,100, ,6.1E-05,4.7E-05,1E-05,6.8E-05,8.9E-05,8.6E-05, 
4,100, ,6.7E-05,2.6E-05,1.2E-05,6E-05,8.4E-05,7.1E-05, 
4,100, ,6.8E-05,2.5E-05,1.3E-05,6E-05,7.4E-05,7E-05, 
4,100, ,7.5E-05,3.3E-05,1.1E-05,5.9E-05,8.9E-05,7.3E-05, 
4,100, ,8.2E-05,3.3E-05,1.3E-05,6.8E-05,8.7E-05,7.5E-05, 
4,100, ,0.000111,4.3E-05,1.5E-05,8.7E-05,0.000122,0.000107, 
4,100, ,6.3E-05,2.6E-05,1.3E-05,6E-05,7.8E-05,6E-05, 
4,100, ,7.9E-05,3E-05,1.3E-05,7.2E-05,8.3E-05,7.6E-05, 
4,100, ,7.9E-05,3.9E-05,1.3E-05,7.4E-05,9.6E-05,9.2E-05, 
4,100, ,9.1E-05,3.9E-05,1.4E-05,7.6E-05,0.000102,8.5E-05, 
4,100, ,8E-05,3E-05,1.5E-05,6.7E-05,8.5E-05,7.9E-05, 
4,100, ,6.1E-05,2.4E-05,1.2E-05,5.7E-05,7.5E-05,5.8E-05, 
4,100, ,9.5E-05,2.5E-05,1.2E-05,5.3E-05,6.9E-05,6.1E-05, 
4,100, ,8.1E-05,3.3E-05,1.5E-05,6.8E-05,9.6E-05,8E-05, 
4,100, ,6.5E-05,2.6E-05,1.1E-05,5.1E-05,6.3E-05,6.1E-05, 
4,100, ,8.9E-05,3.1E-05,1.5E-05,7.2E-05,9.6E-05,8.6E-05, 
4,100, ,9.9E-05,3.7E-05,1.5E-05,8E-05,0.000119,9.3E-05, 
4,100, ,7.9E-05,2.5E-05,1.3E-05,5.9E-05,7.6E-05,7.1E-05, 
4,100, ,8.8E-05,3.2E-05,1.2E-05,7E-05,9.4E-05,9.2E-05, 
4,100, ,6.8E-05,2.4E-05,1.3E-05,5.9E-05,7.3E-05,7.3E-05, 
4,100, ,7.9E-05,3.1E-05,1.2E-05,5.9E-05,8.3E-05,6.7E-05, 
4,100, ,6.6E-05,2.5E-05,1.3E-05,6.2E-05,8E-05,7.2E-05, 
4,100, ,6.5E-05,3E-05,1.3E-05,5.7E-05,7.4E-05,6.9E-05, 
4,100, ,0.000125,3E-05,1.1E-05,6.7E-05,8.4E-05,7.6E-05, 
4,100, ,6.6E-05,2.8E-05,1.2E-05,5.7E-05,8E-05,7.2E-05, 
4,100, ,8.8E-05,3.2E-05,1.4E-05,6.5E-05,8.3E-05,7.2E-05, 
4,100, ,6.6E-05,2.3E-05,1.2E-05,5.7E-05,7.5E-05,6.6E-05, 
4,100, ,7.2E-05,2.5E-05,1.2E-05,5.7E-05,7.2E-05,6.7E-05, 
4,100, ,6.7E-05,2.8E-05,1.4E-05,6.2E-05,7.6E-05,7.4E-05, 
4,100, ,9.7E-05,4.3E-05,1.5E-05,7.9E-05,0.000119,9.7E-05, 
4,100, ,8.1E-05,2.9E-05,1.3E-05,6E-05,7.7E-05,6.6E-05, 
8,100, ,0.000142,2.6E-05,1.4E-05,6.8E-05,9E-05,8.1E-05, 
8,100, ,0.000113,2.1E-05,1.3E-05,5.5E-05,7.2E-05,7.9E-05, 
8,100, ,0.000111,2E-05,1.2E-05,5.3E-05,6.8E-05,7.2E-05, 
8,100, ,0.000126,2.1E-05,1.2E-05,5.2E-05,6.4E-05,7.2E-05, 
8,100, ,0.00011,2.2E-05,1.2E-05,4.7E-05,6.4E-05,6.9E-05, 
8,100, ,0.000101,1.9E-05,1.1E-05,8.5E-05,0.000106,6.9E-05, 
8,100, ,9.8E-05,1.8E-05,1.2E-05,5.2E-05,6.7E-05,7.1E-05, 
8,100, ,9.9E-05,1.9E-05,1.2E-05,4.9E-05,5.9E-05,6E-05, 
8,100, ,0.000293,2.5E-05,1.4E-05,5.7E-05,7.3E-05,7.2E-05, 
8,100, ,0.000107,2.3E-05,1.2E-05,5.8E-05,7E-05,6.9E-05, 
8,100, ,9.2E-05,1.8E-05,1.1E-05,4.7E-05,5.9E-05,0.000836, 
8,100, ,9.5E-05,1.9E-05,1.1E-05,4.8E-05,6E-05,6.3E-05, 
8,100, ,9.3E-05,1.7E-05,1.1E-05,4.3E-05,6.2E-05,6.2E-05, 
8,100, ,9.9E-05,2.1E-05,1.1E-05,5E-05,6.7E-05,6.2E-05, 
8,100, ,0.004129,0.002597,1.4E-05,5.2E-05,4.9E-05,5.7E-05, 
8,100, ,8.9E-05,1.5E-05,1E-05,3.9E-05,5.4E-05,5.5E-05, 
8,100, ,8.3E-05,1.5E-05,9E-06,4E-05,4.9E-05,4.5E-05, 
8,100, ,9.5E-05,1.7E-05,1.1E-05,4.6E-05,5.6E-05,6.6E-05, 
8,100, ,9.2E-05,1.8E-05,1.1E-05,4.7E-05,5.5E-05,6E-05, 
8,100, ,9.8E-05,1.9E-05,1.1E-05,4.5E-05,5.6E-05,6E-05, 
8,100, ,9.6E-05,1.8E-05,1E-05,4.2E-05,5.6E-05,5.5E-05, 
8,100, ,8.5E-05,1.7E-05,1E-05,4.3E-05,5.6E-05,5.9E-05, 
8,100, ,8.7E-05,1.8E-05,1.1E-05,4.5E-05,5.8E-05,6.7E-05, 
8,100, ,9.6E-05,1.8E-05,1E-05,4.6E-05,5.8E-05,6.9E-05, 
8,100, ,0.000106,1.8E-05,1E-05,4.7E-05,5.9E-05,6.3E-05, 
8,100, ,8.8E-05,1.7E-05,1.1E-05,4.8E-05,5.8E-05,5.2E-05, 
8,100, ,0.002632,0.001065,1.4E-05,4.5E-05,5.7E-05,5.9E-05, 
8,100, ,0.001689,1.4E-05,1E-05,4.1E-05,5.1E-05,5.2E-05, 
8,100, ,7.9E-05,1.5E-05,1E-05,3.7E-05,5.4E-05,7.4E-05, 
8,100, ,7.9E-05,1.7E-05,1E-05,4E-05,5.5E-05,5.3E-05, 
16,100, ,0.000275,0.000116,7.2E-05,9.5E-05,0.000114,0.000102, 
16,100, ,0.000194,7.8E-05,5.3E-05,9.4E-05,0.000129,0.000119, 
16,100, ,0.000337,8.4E-05,6.3E-05,9.6E-05,9.7E-05,0.0001, 
16,100, ,0.000187,8.6E-05,6.9E-05,0.000124,0.000164,9.5E-05, 
16,100, ,0.00017,6.4E-05,5.2E-05,7.5E-05,9.8E-05,0.000106, 
16,100, ,0.000188,6.9E-05,5.1E-05,8.1E-05,0.000106,0.000102, 
16,100, ,0.000374,6.3E-05,5.8E-05,8.6E-05,0.000154,6.9E-05, 
16,100, ,0.000164,9.6E-05,0.000135,9.9E-05,0.00012,0.000129, 
16,100, ,0.000512,8.6E-05,6.8E-05,0.00016,0.001607,0.000161, 
16,100, ,0.000224,7.7E-05,5.5E-05,0.000102,9E-05,9.8E-05, 
16,100, ,0.000264,9.2E-05,8.6E-05,9.8E-05,7.7E-05,0.00016, 
16,100, ,0.000164,7.1E-05,4.7E-05,9.6E-05,8.1E-05,9.5E-05, 
16,100, ,0.000191,7.1E-05,6.8E-05,8.2E-05,8.9E-05,0.000116, 
16,100, ,0.000211,7.1E-05,4.7E-05,0.000103,0.000119,9.6E-05, 
16,100, ,0.000208,6.6E-05,5.5E-05,0.000113,0.000121,8.8E-05, 
16,100, ,0.004235,0.000145,7.7E-05,0.00012,0.000152,0.000125, 
16,100, ,0.000207,7.3E-05,6E-05,0.000102,0.000536,0.000178, 
16,100, ,0.000204,7.7E-05,6.1E-05,9.6E-05,0.000129,9.7E-05, 
16,100, ,0.000924,8.6E-05,6.4E-05,0.000112,0.000109,0.000157, 
16,100, ,0.00018,6.7E-05,6.5E-05,7.8E-05,0.000101,0.0001, 
16,100, ,0.000615,7.2E-05,5.2E-05,9.7E-05,9.3E-05,0.000108, 
16,100, ,0.000236,0.000129,0.00018,9E-05,8.2E-05,0.000102, 
16,100, ,0.000233,8.3E-05,5.4E-05,8.9E-05,9.2E-05,9E-05, 
16,100, ,0.00026,0.000105,8.1E-05,0.000129,0.000143,0.000136, 
16,100, ,0.000221,0.000104,8.6E-05,8.1E-05,7.8E-05,0.0001, 
16,100, ,0.000199,8.9E-05,3.2E-05,8.3E-05,0.000113,0.00012, 
16,100, ,0.000185,6.2E-05,5.2E-05,8.6E-05,9.5E-05,0.000102, 
16,100, ,0.000238,8.3E-05,6.4E-05,9.1E-05,0.000109,0.000138, 
16,100, ,0.000185,9.5E-05,5.7E-05,9E-05,8.6E-05,0.000114, 
16,100, ,0.000317,8E-05,5.1E-05,0.000115,8.2E-05,8.7E-05, 
24,100, ,0.000228,8.5E-05,7.7E-05,0.000122,0.000115,0.000109, 
24,100, ,0.000336,0.000108,9.8E-05,0.000853,0.00014,0.000117, 
24,100, ,0.000233,5.6E-05,7.5E-05,0.000134,0.000145,0.000127, 
24,100, ,0.000379,0.000101,9E-05,0.000121,0.000162,9.9E-05, 
24,100, ,0.000371,0.000117,0.000178,0.000152,0.000118,0.000147, 
24,100, ,0.000337,0.000117,0.000101,0.000132,0.000169,0.000172, 
24,100, ,0.000314,0.000107,0.000178,0.000195,0.000146,0.000152, 
24,100, ,0.000474,0.000112,9.6E-05,0.000151,0.00016,0.000153, 
24,100, ,0.000331,0.000114,9.9E-05,0.000123,0.00016,0.000146, 
24,100, ,0.000318,0.000106,9.3E-05,0.000106,0.000151,0.000127, 
24,100, ,0.000591,0.000125,9.4E-05,0.000135,0.000144,0.000128, 
24,100, ,0.00043,0.000141,9.3E-05,0.000129,0.000235,0.00022, 
24,100, ,0.000534,0.000116,8.9E-05,0.000121,0.00014,0.000149, 
24,100, ,0.000277,9.5E-05,8.9E-05,0.00012,0.000148,0.000133, 
24,100, ,0.000336,0.000107,9.2E-05,0.000105,0.000134,0.000129, 
24,100, ,0.000263,9.4E-05,8.6E-05,0.000105,0.000131,0.00021, 
24,100, ,0.000325,0.000173,0.000102,8.8E-05,0.000164,0.000168, 
24,100, ,0.000329,0.000164,0.000101,0.000106,0.000142,0.000137, 
24,100, ,0.000227,8.5E-05,4.4E-05,0.000102,0.000109,0.000114, 
24,100, ,0.00029,7.5E-05,9.6E-05,0.000149,8.5E-05,0.00013, 
24,100, ,0.000314,0.000135,7.8E-05,9.2E-05,0.000101,0.00012, 
24,100, ,0.000347,0.000112,0.0001,9.8E-05,0.000115,9.9E-05, 
24,100, ,0.002034,9.3E-05,9.4E-05,0.00019,0.001759,0.000141, 
24,100, ,0.000333,0.000139,7.8E-05,0.000139,0.000169,0.000169, 
24,100, ,0.000348,0.000138,0.000106,0.000176,0.000181,0.000103, 
24,100, ,0.000304,0.000107,0.000222,0.000152,0.000167,0.000107, 
24,100, ,0.00027,8.8E-05,9.3E-05,0.000125,0.000175,0.000144, 
24,100, ,0.000326,9.9E-05,9.9E-05,0.000117,0.000133,0.000147, 
24,100, ,0.000294,0.000112,0.000103,0.000316,0.000139,0.000136, 
24,100, ,0.000323,0.000131,9.8E-05,0.000118,0.000128,0.000118, 
32,100, ,0.000374,0.000167,0.00011,0.000133,0.000222,0.000162, 
32,100, ,0.000914,0.000137,0.000142,0.000166,0.00019,0.000128, 
32,100, ,0.000312,0.000108,0.000105,0.000122,0.000104,0.00016, 
32,100, ,0.000324,6E-05,0.000114,0.000141,0.000198,0.000165, 
32,100, ,0.000347,6.5E-05,0.000154,0.000167,0.000194,0.000188, 
32,100, ,0.000839,0.000169,0.000152,0.00014,0.000213,0.000162, 
32,100, ,0.000327,0.000187,0.000115,0.000263,0.000236,0.000386, 
32,100, ,0.000421,0.00017,0.000162,0.000162,0.000225,0.000168, 
32,100, ,0.000428,0.000151,0.000129,0.000154,0.000245,0.000179, 
32,100, ,0.000909,0.000136,0.000152,0.000125,0.000198,0.000131, 
32,100, ,0.000378,0.000105,0.000131,0.000156,0.000165,0.000194, 
32,100, ,0.000409,0.000109,0.000137,0.000148,0.000233,0.000237, 
32,100, ,0.000558,0.000132,0.000204,0.000142,0.000233,0.000254, 
32,100, ,0.000307,0.00015,0.000144,0.00014,0.000179,0.000169, 
32,100, ,0.000329,0.000144,0.000121,0.000146,0.000185,0.000177, 
32,100, ,0.000697,0.000148,0.000124,0.000138,0.000207,0.000128, 
32,100, ,0.000367,0.000151,7.5E-05,0.000325,0.000209,0.000246, 
32,100, ,0.000375,0.000147,0.000141,0.000162,0.000216,0.000159, 
32,100, ,0.00034,0.000182,8.6E-05,0.000677,0.000192,0.000143, 
32,100, ,0.000349,0.00012,0.000107,0.000127,0.000197,0.000158, 
32,100, ,0.000312,0.000105,9.8E-05,0.000139,0.000174,0.000174, 
32,100, ,0.000353,0.000116,0.000111,0.000152,0.00016,0.000155, 
32,100, ,0.000463,0.000123,0.000117,0.000126,0.000203,0.000142, 
32,100, ,0.000327,0.000121,9.9E-05,0.000142,0.000157,0.000146, 
32,100, ,0.001926,0.000156,9.9E-05,0.000119,0.000167,0.000128, 
32,100, ,0.000314,0.000124,7.1E-05,0.000117,0.000176,0.000131, 
32,100, ,0.000342,0.000155,0.000126,0.000155,0.000183,0.000173, 
32,100, ,0.000437,0.00013,0.000123,0.000148,0.000183,0.000116, 
32,100, ,0.00057,0.000135,0.000122,0.000142,0.000197,0.000171, 
32,100, ,0.00037,0.000136,0.00012,0.000138,0.000184,0.00016, 
1,200, ,0.000164,0.000232,1.3E-05,0.000187,0.0003,9.6E-05, 
1,200, ,0.000162,0.000232,1.3E-05,0.000186,0.00026,9.5E-05, 
1,200, ,0.000279,0.0004,2.3E-05,0.000316,0.000447,0.000162, 
1,200, ,0.000162,0.000232,1.3E-05,0.000184,0.000259,9.4E-05, 
1,200, ,0.000162,0.000232,1.3E-05,0.000183,0.00026,9.4E-05, 
1,200, ,0.000164,0.000232,1.3E-05,0.000185,0.000282,9.9E-05, 
1,200, ,0.000162,0.000232,1.3E-05,0.000183,0.000259,9.4E-05, 
1,200, ,0.000311,0.000441,2.5E-05,0.000327,0.000494,0.000271, 
1,200, ,0.000345,0.000512,1.9E-05,0.000272,0.000381,0.000138, 
1,200, ,0.000236,0.000338,1.9E-05,0.000269,0.00038,0.00014, 
1,200, ,0.000307,0.00044,2.5E-05,0.000349,0.000493,0.000179, 
1,200, ,0.000279,0.0004,2.3E-05,0.000319,0.000449,0.000164, 
1,200, ,0.000307,0.00044,2.5E-05,0.00035,0.000515,0.000105, 
1,200, ,0.000279,0.000448,1.6E-05,0.000219,0.000309,0.000112, 
1,200, ,0.000181,0.000259,1.5E-05,0.000205,0.00029,0.000187, 
1,200, ,0.000181,0.000259,1.5E-05,0.000209,0.000293,0.000108, 
1,200, ,0.000192,0.000275,1.6E-05,0.000219,0.000309,0.000112, 
1,200, ,0.000192,0.000275,1.6E-05,0.000218,0.000308,0.000112, 
1,200, ,0.000192,0.000275,1.6E-05,0.000219,0.000309,0.000112, 
1,200, ,0.000146,0.00021,1.2E-05,0.000234,0.000237,8.6E-05, 
1,200, ,0.000147,0.00021,1.3E-05,0.000166,0.000235,8.5E-05, 
1,200, ,0.000146,0.00021,1.2E-05,0.000167,0.000235,8.6E-05, 
1,200, ,0.000146,0.000229,1.2E-05,0.000166,0.000236,8.5E-05, 
1,200, ,0.000146,0.00021,1.2E-05,0.000168,0.000236,8.6E-05, 
1,200, ,0.000148,0.00021,1.2E-05,0.000167,0.000235,8.5E-05, 
1,200, ,0.000262,0.000211,1.2E-05,0.000168,0.000237,8.6E-05, 
1,200, ,0.000279,0.0004,2.3E-05,0.000319,0.000449,0.000164, 
1,200, ,0.000279,0.0004,2.3E-05,0.000318,0.000447,0.000162, 
1,200, ,0.000283,0.0004,2.3E-05,0.000322,0.000452,0.000166, 
1,200, ,0.000148,0.00021,1.2E-05,0.000167,0.000235,8.6E-05, 
2,200, ,0.000123,0.000111,1.5E-05,0.000136,0.000199,0.000142, 
2,200, ,0.000161,0.000118,1.5E-05,0.000132,0.000196,0.000133, 
2,200, ,0.000149,0.00014,1.8E-05,0.000156,0.000237,0.000157, 
2,200, ,0.000163,0.000157,2E-05,0.000175,0.000269,0.000194, 
2,200, ,0.000219,0.000199,2.6E-05,0.000279,0.000412,0.000242, 
2,200, ,0.000174,0.00016,1.9E-05,0.00018,0.000275,0.00019, 
2,200, ,0.000166,0.00015,1.9E-05,0.000169,0.000261,0.000189, 
2,200, ,0.000155,0.000147,1.8E-05,0.000167,0.000255,0.000184, 
2,200, ,0.000185,0.00018,2.2E-05,0.000203,0.000317,0.00023, 
2,200, ,0.000158,0.000135,1.6E-05,0.000155,0.000222,0.000171, 
2,200, ,0.000138,0.000132,1.7E-05,0.000154,0.000226,0.000165, 
2,200, ,0.000213,0.000132,1.7E-05,0.000152,0.00023,0.000163, 
2,200, ,0.000141,0.000133,1.7E-05,0.000151,0.000221,0.000167, 
2,200, ,0.000172,0.000156,2E-05,0.000182,0.000284,0.000198, 
2,200, ,0.000241,0.000233,2.9E-05,0.000254,0.000423,0.000269, 
2,200, ,0.00024,0.000232,2.9E-05,0.00026,0.000401,0.000295, 
2,200, ,0.000245,0.000237,2.8E-05,0.000258,0.000434,0.000265, 
2,200, ,0.000146,0.000137,1.7E-05,0.000159,0.000249,0.000178, 
2,200, ,0.000178,0.000149,1.9E-05,0.000167,0.000263,0.000169, 
2,200, ,0.000219,0.000217,2.6E-05,0.000239,0.000362,0.000277, 
2,200, ,0.000157,0.000148,1.8E-05,0.00017,0.00025,0.000185, 
2,200, ,0.000172,0.000147,1.9E-05,0.000164,0.000253,0.000184, 
2,200, ,0.000155,0.000147,1.9E-05,0.000168,0.000256,0.000186, 
2,200, ,0.000146,0.000137,1.7E-05,0.000165,0.000237,0.00016, 
2,200, ,0.000153,0.000139,1.7E-05,0.000159,0.000245,0.000177, 
2,200, ,0.000176,0.000144,1.7E-05,0.000161,0.000237,0.000179, 
2,200, ,0.000174,0.00014,1.7E-05,0.00016,0.000239,0.000173, 
2,200, ,0.000149,0.000221,1.8E-05,0.000154,0.000245,0.000164, 
2,200, ,0.000146,0.000145,1.8E-05,0.00016,0.000234,0.000174, 
2,200, ,0.000221,0.000174,2.1E-05,0.000191,0.000307,0.000194, 
4,200, ,0.000105,0.000131,2E-05,0.000119,0.000191,0.000148, 
4,200, ,0.000139,0.0001,2E-05,0.000153,0.000231,0.000165, 
4,200, ,0.000172,0.000104,2.7E-05,0.000171,0.000254,0.0002, 
4,200, ,0.000131,8.5E-05,2.2E-05,0.000134,0.0002,0.00018, 
4,200, ,0.000131,0.000101,2.5E-05,0.00015,0.000229,0.000199, 
4,200, ,0.000179,0.000129,2.5E-05,0.0002,0.000294,0.00024, 
4,200, ,0.00012,8.1E-05,2.1E-05,0.000131,0.000183,0.000161, 
4,200, ,0.000341,8.6E-05,2.2E-05,0.000141,0.000203,0.00018, 
4,200, ,0.000118,8.3E-05,2.1E-05,0.00013,0.000186,0.000177, 
4,200, ,0.00013,8.6E-05,2.3E-05,0.000131,0.000209,0.000184, 
4,200, ,0.000149,0.000159,2.4E-05,0.000166,0.000262,0.000217, 
4,200, ,0.000171,0.000109,2.3E-05,0.000181,0.000251,0.00019, 
4,200, ,0.000145,0.000117,2.2E-05,0.000165,0.000268,0.000185, 
4,200, ,0.000112,8E-05,2.1E-05,0.000134,0.000203,0.000167, 
4,200, ,0.000148,8.8E-05,2.1E-05,0.000122,0.0002,0.000165, 
4,200, ,0.000112,8.2E-05,2.1E-05,0.000132,0.000197,0.000168, 
4,200, ,0.000123,8.6E-05,2.2E-05,0.000128,0.000202,0.000171, 
4,200, ,0.000159,0.000112,2.3E-05,0.00017,0.000263,0.000184, 
4,200, ,0.000164,0.000105,2.3E-05,0.000179,0.000273,0.00019, 
4,200, ,0.000115,7.9E-05,3.7E-05,0.00016,0.000277,0.000205, 
4,200, ,0.000113,8.2E-05,2.2E-05,0.000127,0.000194,0.00017, 
4,200, ,0.000149,9.6E-05,2.2E-05,0.000159,0.000252,0.000173, 
4,200, ,9.7E-05,7.2E-05,1.9E-05,0.000121,0.000175,0.000155, 
4,200, ,0.000166,0.000109,2.1E-05,0.000146,0.000218,0.000181, 
4,200, ,0.000224,9.9E-05,2.2E-05,0.000151,0.000236,0.000235, 
4,200, ,0.000181,0.000116,2.2E-05,0.000172,0.000279,0.000193, 
4,200, ,0.000136,8.6E-05,2E-05,0.000132,0.000212,0.000171, 
4,200, ,0.000131,9E-05,2.1E-05,0.00015,0.000227,0.000189, 
4,200, ,0.000137,0.000103,2.1E-05,0.000152,0.000223,0.000185, 
4,200, ,0.000139,0.000106,2.1E-05,0.00015,0.000231,0.000178, 
8,200, ,0.000142,5.9E-05,2.3E-05,0.000121,0.0002,0.000158, 
8,200, ,0.000101,4.2E-05,1.8E-05,9.1E-05,0.000138,0.000127, 
8,200, ,0.002128,0.000125,2.2E-05,0.000218,0.000231,0.000225, 
8,200, ,0.001737,4.9E-05,2E-05,0.000102,0.000152,0.000151, 
8,200, ,0.000829,0.000628,2E-05,9.7E-05,0.000165,0.000156, 
8,200, ,0.00011,4.5E-05,1.9E-05,0.000102,0.000173,0.000161, 
8,200, ,0.000116,5E-05,2.1E-05,0.0001,0.000174,0.000162, 
8,200, ,0.000131,5.3E-05,2.1E-05,0.000111,0.000169,0.000169, 
8,200, ,0.000129,5.5E-05,2.2E-05,0.000113,0.000169,0.00016, 
8,200, ,0.000128,5.3E-05,2.2E-05,0.000109,0.000187,0.000176, 
8,200, ,0.000136,6E-05,2.2E-05,0.000118,0.000179,0.000176, 
8,200, ,0.000117,5.4E-05,2.3E-05,0.000108,0.000178,0.000151, 
8,200, ,0.000122,5.2E-05,2E-05,0.00011,0.000175,0.000164, 
8,200, ,0.000129,5E-05,2.1E-05,0.000113,0.000173,0.000159, 
8,200, ,0.000135,5.6E-05,2.3E-05,0.000121,0.000194,0.000178, 
8,200, ,0.000138,6E-05,2.3E-05,0.000116,0.000198,0.000157, 
8,200, ,0.000135,0.00013,2.4E-05,0.000125,0.000186,0.000173, 
8,200, ,0.000145,5.6E-05,2.3E-05,0.000127,0.000185,0.000183, 
8,200, ,0.000126,5.1E-05,2E-05,0.000113,0.000197,0.00016, 
8,200, ,0.000123,5.5E-05,2.1E-05,0.000112,0.000185,0.000167, 
8,200, ,0.000113,5.1E-05,2E-05,0.000107,0.000164,0.000149, 
8,200, ,0.0003,5.9E-05,2.1E-05,0.0001,0.000161,0.000153, 
8,200, ,0.00012,5.4E-05,2E-05,0.000106,0.000213,0.000159, 
8,200, ,0.000133,6.1E-05,2.3E-05,0.000116,0.000195,0.000172, 
8,200, ,0.000144,5.2E-05,2.1E-05,0.000114,0.000199,0.000161, 
8,200, ,0.000131,5.6E-05,2.3E-05,0.00012,0.000182,0.000162, 
8,200, ,0.000129,5.1E-05,2.1E-05,0.00012,0.000191,0.000182, 
8,200, ,0.001083,4.9E-05,2.1E-05,0.000103,0.000151,0.00014, 
8,200, ,0.000118,4.8E-05,1.9E-05,9.7E-05,0.00016,0.00015, 
8,200, ,0.000132,5.7E-05,2.1E-05,0.000113,0.000194,0.000155, 
16,200, ,0.00029,0.000177,9.4E-05,0.000175,0.000285,0.000234, 
16,200, ,0.000255,0.000208,0.000113,0.000176,0.000287,0.000253, 
16,200, ,0.000262,0.000163,9.6E-05,0.000188,0.000267,0.000271, 
16,200, ,0.000582,0.000168,8.3E-05,0.000149,0.000235,0.000229, 
16,200, ,0.000272,0.000195,0.0001,0.000164,0.000261,0.000211, 
16,200, ,0.000273,0.000207,0.000113,0.000196,0.000319,0.000263, 
16,200, ,0.000345,0.001689,9.4E-05,0.000212,0.000324,0.00031, 
16,200, ,0.000425,0.000245,0.000146,0.000192,0.0003,0.000296, 
16,200, ,0.000669,0.00017,8.5E-05,0.000176,0.000293,0.000258, 
16,200, ,0.000303,0.000138,9.9E-05,0.000222,0.000294,0.000244, 
16,200, ,0.000357,0.000197,0.000108,0.000193,0.000293,0.000219, 
16,200, ,0.000269,0.000149,9.5E-05,0.000163,0.000245,0.000232, 
16,200, ,0.000269,0.000133,9.2E-05,0.000168,0.000234,0.00021, 
16,200, ,0.000435,0.000125,8.5E-05,0.000194,0.000273,0.000241, 
16,200, ,0.000306,0.000133,9.1E-05,0.000172,0.000278,0.000237, 
16,200, ,0.000267,0.000161,0.000109,0.000194,0.000252,0.000224, 
16,200, ,0.000207,0.000159,8.9E-05,0.000181,0.000277,0.000178, 
16,200, ,0.00027,0.000133,7.1E-05,0.000201,0.000251,0.000216, 
16,200, ,0.000355,0.000158,8.7E-05,0.000169,0.000247,0.000204, 
16,200, ,0.000265,0.00017,8.8E-05,0.000169,0.000251,0.000226, 
16,200, ,0.00027,0.000177,5.9E-05,0.000169,0.000256,0.000287, 
16,200, ,0.00036,0.000154,0.000141,0.000178,0.000295,0.00025, 
16,200, ,0.000324,0.000181,0.000109,0.000181,0.000255,0.000243, 
16,200, ,0.000238,0.000163,8.9E-05,0.000171,0.000257,0.000233, 
16,200, ,0.000287,0.000182,0.000111,0.000207,0.000301,0.000276, 
16,200, ,0.000357,0.000135,8.3E-05,0.000186,0.000286,0.000292, 
16,200, ,0.000258,0.000132,7.2E-05,0.000207,0.000341,0.000218, 
16,200, ,0.000264,0.000141,7.3E-05,0.000213,0.000288,0.000242, 
16,200, ,0.000247,0.000129,0.000102,0.000194,0.000268,0.000227, 
16,200, ,0.00051,0.000147,8.5E-05,0.00023,0.000278,0.000282, 
24,200, ,0.000346,0.000148,0.0001,0.000202,0.000304,0.000242, 
24,200, ,0.000308,0.000152,0.000103,0.000197,0.000274,0.000215, 
24,200, ,0.000523,0.000162,0.000139,0.000295,0.000373,0.000297, 
24,200, ,0.000605,0.000188,0.000125,0.000264,0.000309,0.000292, 
24,200, ,0.000365,0.000213,0.000132,0.000192,0.000354,0.000309, 
24,200, ,0.000359,0.000159,0.000109,0.000231,0.000318,0.000239, 
24,200, ,0.000298,0.000165,0.000119,0.000225,0.000322,0.000238, 
24,200, ,0.000312,0.000179,0.00012,0.000205,0.00033,0.000272, 
24,200, ,0.000401,0.000186,0.000137,0.000226,0.000309,0.000289, 
24,200, ,0.000375,0.000162,0.000119,0.000229,0.000341,0.000299, 
24,200, ,0.000513,0.000176,0.000129,0.000164,0.000282,0.000283, 
24,200, ,0.000409,0.000155,0.00014,0.000188,0.000276,0.000228, 
24,200, ,0.000361,0.000269,0.000186,0.00021,0.000271,0.000223, 
24,200, ,0.000319,0.000151,0.000118,0.000246,0.000344,0.000261, 
24,200, ,0.000418,0.000169,0.000136,0.000241,0.000363,0.000205, 
24,200, ,0.000355,0.000169,0.000143,0.000202,0.000348,0.000285, 
24,200, ,0.00033,0.000189,0.000112,0.000206,0.000338,0.000262, 
24,200, ,0.000369,0.000155,9.1E-05,0.000178,0.000328,0.000267, 
24,200, ,0.000302,0.000158,0.000105,0.000192,0.000262,0.000231, 
24,200, ,0.000307,0.000137,8.3E-05,0.000177,0.000328,0.00021, 
24,200, ,0.000271,0.00013,9.2E-05,0.000192,0.000292,0.000236, 
24,200, ,0.000519,0.000174,0.000161,0.000305,0.000391,0.000284, 
24,200, ,0.000579,0.000194,0.000595,0.000229,0.000293,0.000339, 
24,200, ,0.000335,0.000187,0.000119,0.000221,0.000328,0.0003, 
24,200, ,0.0004,0.000187,0.000113,0.000226,0.000336,0.000267, 
24,200, ,0.000325,0.000155,7.4E-05,0.000176,0.000307,0.000222, 
24,200, ,0.000314,0.000172,0.00011,0.000155,0.000254,0.000268, 
24,200, ,0.00037,0.000164,9.6E-05,0.000216,0.000307,0.000243, 
24,200, ,0.000341,0.000149,0.000118,0.000192,0.000301,0.000271, 
24,200, ,0.000386,0.000165,0.000144,0.000255,0.00032,0.000248, 
32,200, ,0.000889,0.000276,0.00019,0.000321,0.000388,0.000379, 
32,200, ,0.000768,0.000265,0.000103,0.000333,0.000386,0.000288, 
32,200, ,0.001838,0.000219,0.000152,0.0003,0.000362,0.000297, 
32,200, ,0.000887,0.000276,0.000208,0.000259,0.000385,0.000335, 
32,200, ,0.000466,0.000215,0.00015,0.000281,0.000411,0.000341, 
32,200, ,0.000797,0.000234,0.000106,0.000252,0.000365,0.000319, 
32,200, ,0.000525,0.000207,0.000182,0.00028,0.000462,0.000375, 
32,200, ,0.000449,0.000262,0.000158,0.000274,0.000425,0.000355, 
32,200, ,0.000424,0.000182,0.000147,0.000264,0.000413,0.000331, 
32,200, ,0.000404,0.000209,0.000142,0.000261,0.000347,0.000367, 
32,200, ,0.000422,0.00023,0.000163,0.000263,0.000402,0.000366, 
32,200, ,0.001373,0.000275,0.00016,0.000222,0.00033,0.000287, 
32,200, ,0.000393,0.000177,0.000144,0.000226,0.000279,0.000283, 
32,200, ,0.00064,0.000306,0.000176,0.00029,0.000427,0.000353, 
32,200, ,0.000427,0.000292,0.0002,0.000256,0.000425,0.000309, 
32,200, ,0.000412,0.000171,8.7E-05,0.000316,0.00036,0.00021, 
32,200, ,0.000409,0.000218,0.000193,0.000252,0.000394,0.000316, 
32,200, ,0.000342,0.000187,0.000139,0.000241,0.000306,0.000216, 
32,200, ,0.000343,0.000151,0.000133,0.000227,0.000315,0.000289, 
32,200, ,0.000431,0.000211,0.000148,0.000241,0.000379,0.000323, 
32,200, ,0.000577,0.000209,0.000213,0.000283,0.000399,0.000282, 
32,200, ,0.000424,0.000154,0.000157,0.000266,0.000403,0.000341, 
32,200, ,0.0005,0.000218,0.000172,0.000297,0.000399,0.000329, 
32,200, ,0.00047,0.000198,0.000174,0.000255,0.000396,0.000352, 
32,200, ,0.000608,0.000201,0.000152,0.000247,0.000415,0.000262, 
32,200, ,0.000391,0.000223,0.000154,0.000248,0.000389,0.000304, 
32,200, ,0.000505,0.000211,9.5E-05,0.000311,0.000374,0.0003, 
32,200, ,0.000424,0.000219,0.000148,0.000239,0.000371,0.000298, 
32,200, ,0.00056,0.000167,0.000157,0.000251,0.000377,0.000335, 
32,200, ,0.000396,0.000144,0.000141,0.00023,0.000333,0.000244, 
1,500, ,0.001372,0.001929,3.7E-05,0.001055,0.001614,0.000265, 
1,500, ,0.001623,0.002498,5.4E-05,0.001538,0.00242,0.000392, 
1,500, ,0.001271,0.001814,4.2E-05,0.001315,0.001613,0.000264, 
1,500, ,0.001115,0.001749,3.7E-05,0.001054,0.00161,0.000263, 
1,500, ,0.000659,0.000941,2.2E-05,0.000625,0.001084,0.000158, 
1,500, ,0.00066,0.000942,2.2E-05,0.000718,0.000956,0.000156, 
1,500, ,0.000882,0.001211,2.8E-05,0.000802,0.001228,0.000203, 
1,500, ,0.000847,0.001209,3E-05,0.000917,0.001226,0.0002, 
1,500, ,0.001977,0.002954,6.6E-05,0.00157,0.001366,0.000225, 
1,500, ,0.001486,0.002242,5E-05,0.001401,0.002187,0.000226, 
1,500, ,0.000936,0.001469,3.1E-05,0.000884,0.001355,0.000222, 
1,500, ,0.000936,0.001336,3.1E-05,0.000857,0.000965,0.000154, 
1,500, ,0.000746,0.000958,2.2E-05,0.000674,0.000964,0.000156, 
1,500, ,0.000659,0.000941,2.2E-05,0.000621,0.000963,0.000156, 
1,500, ,0.000847,0.001267,2.8E-05,0.0008,0.001226,0.000199, 
1,500, ,0.000847,0.001272,2.8E-05,0.000799,0.001374,0.0002, 
1,500, ,0.000849,0.001264,2.8E-05,0.000801,0.001227,0.0002, 
1,500, ,0.000901,0.00121,2.8E-05,0.000802,0.00136,0.000202, 
1,500, ,0.00087,0.00121,2.9E-05,0.000805,0.001233,0.000206, 
1,500, ,0.000742,0.001059,2.5E-05,0.000749,0.001083,0.000181, 
1,500, ,0.000774,0.001059,2.5E-05,0.000705,0.00108,0.000183, 
1,500, ,0.000745,0.001061,2.5E-05,0.000735,0.001082,0.000183, 
1,500, ,0.000797,0.001061,2.5E-05,0.000706,0.00108,0.000182, 
1,500, ,0.000745,0.001061,2.5E-05,0.000711,0.001133,0.000185, 
1,500, ,0.000743,0.001086,2.5E-05,0.00071,0.001083,0.000183, 
1,500, ,0.000745,0.001066,3.3E-05,0.000723,0.001126,0.000183, 
1,500, ,0.000743,0.001087,2.5E-05,0.00072,0.00108,0.00018, 
1,500, ,0.000753,0.00106,2.5E-05,0.000704,0.001105,0.000183, 
1,500, ,0.000743,0.001059,2.5E-05,0.000741,0.001079,0.000175, 
1,500, ,0.000759,0.000978,2.4E-05,0.000666,0.000995,0.000168, 
2,500, ,0.000498,0.000564,2.8E-05,0.000464,0.000941,0.000319, 
2,500, ,0.000452,0.000559,2.8E-05,0.00047,0.001051,0.000298, 
2,500, ,0.000458,0.000545,2.8E-05,0.000812,0.001692,0.000445, 
2,500, ,0.000829,0.000959,4.9E-05,0.00083,0.001009,0.000329, 
2,500, ,0.000536,0.000591,3.1E-05,0.000517,0.000961,0.000315, 
2,500, ,0.000661,0.000747,3.6E-05,0.000868,0.001166,0.000392, 
2,500, ,0.000592,0.000717,3.5E-05,0.000601,0.001137,0.000371, 
2,500, ,0.000595,0.000681,3.5E-05,0.000598,0.001167,0.000341, 
2,500, ,0.000589,0.000735,3.4E-05,0.000645,0.001147,0.000352, 
2,500, ,0.000595,0.000678,3.4E-05,0.000603,0.001147,0.00037, 
2,500, ,0.000618,0.000714,3.7E-05,0.000696,0.001244,0.000437, 
2,500, ,0.000604,0.000707,3.6E-05,0.000612,0.001194,0.000363, 
2,500, ,0.000617,0.000716,3.6E-05,0.000668,0.00118,0.000376, 
2,500, ,0.000587,0.000712,3.6E-05,0.00062,0.001189,0.000373, 
2,500, ,0.000562,0.000652,3.3E-05,0.000569,0.001148,0.00038, 
2,500, ,0.000564,0.000746,3.3E-05,0.00063,0.001217,0.000413, 
2,500, ,0.000458,0.000539,2.7E-05,0.000485,0.000913,0.000281, 
2,500, ,0.000537,0.000548,2.8E-05,0.000469,0.000893,0.000395, 
2,500, ,0.000456,0.000535,2.7E-05,0.000481,0.001242,0.000426, 
2,500, ,0.000667,0.000751,3.8E-05,0.000668,0.001379,0.000446, 
2,500, ,0.000838,0.000893,4.5E-05,0.000779,0.001471,0.000466, 
2,500, ,0.000766,0.000931,3.3E-05,0.000569,0.001098,0.000341, 
2,500, ,0.000563,0.000641,3.4E-05,0.000576,0.001124,0.000392, 
2,500, ,0.000558,0.000642,3.2E-05,0.000556,0.001192,0.000377, 
2,500, ,0.00071,0.000854,4.5E-05,0.000723,0.00137,0.000431, 
2,500, ,0.000878,0.000957,4.9E-05,0.000817,0.001651,0.000427, 
2,500, ,0.000693,0.000828,4E-05,0.000691,0.001323,0.000414, 
2,500, ,0.00069,0.000795,4E-05,0.00068,0.001393,0.000414, 
2,500, ,0.000743,0.000848,4.2E-05,0.000724,0.001379,0.000438, 
2,500, ,0.000703,0.000741,3.8E-05,0.000646,0.001254,0.000382, 
4,500, ,0.000376,0.000403,4.1E-05,0.000487,0.000932,0.000484, 
4,500, ,0.000355,0.000398,4.1E-05,0.000477,0.000921,0.000515, 
4,500, ,0.000563,0.000562,4.3E-05,0.000636,0.001122,0.000531, 
4,500, ,0.000356,0.000405,4.1E-05,0.000467,0.000945,0.000568, 
4,500, ,0.000464,0.00049,4.5E-05,0.000605,0.001077,0.000553, 
4,500, ,0.000343,0.000408,4.2E-05,0.000469,0.000905,0.000501, 
4,500, ,0.000366,0.000409,4.1E-05,0.000478,0.001089,0.000651, 
4,500, ,0.000423,0.000467,4.8E-05,0.000565,0.001137,0.000599, 
4,500, ,0.000578,0.00058,4.4E-05,0.000621,0.001145,0.000592, 
4,500, ,0.000369,0.000411,5.1E-05,0.000513,0.001039,0.000541, 
4,500, ,0.000506,0.000565,5.1E-05,0.000613,0.001086,0.000531, 
4,500, ,0.000423,0.000432,4.4E-05,0.000555,0.000957,0.000515, 
4,500, ,0.000345,0.000392,4E-05,0.000498,0.000955,0.000525, 
4,500, ,0.000352,0.000385,3.9E-05,0.00047,0.000912,0.000498, 
4,500, ,0.000446,0.000475,4.4E-05,0.000492,0.000934,0.000489, 
4,500, ,0.000383,0.000427,4.6E-05,0.000493,0.000937,0.000505, 
4,500, ,0.000558,0.000545,4.7E-05,0.000721,0.001267,0.00063, 
4,500, ,0.000387,0.000543,5.6E-05,0.000613,0.001074,0.000557, 
4,500, ,0.000481,0.000487,4.1E-05,0.000577,0.001095,0.000546, 
4,500, ,0.000344,0.000395,4E-05,0.000462,0.000891,0.000512, 
4,500, ,0.000346,0.000416,4.2E-05,0.000508,0.000958,0.000636, 
4,500, ,0.00036,0.000401,4.8E-05,0.000495,0.000962,0.000508, 
4,500, ,0.000328,0.000367,3.8E-05,0.000444,0.000877,0.000494, 
4,500, ,0.000367,0.000391,4.1E-05,0.000506,0.00092,0.000565, 
4,500, ,0.000525,0.000538,4.5E-05,0.000684,0.001176,0.000563, 
4,500, ,0.000356,0.000391,4.1E-05,0.000469,0.000933,0.00053, 
4,500, ,0.00042,0.000575,5.3E-05,0.001263,0.001196,0.000687, 
4,500, ,0.000401,0.000445,4.8E-05,0.000553,0.001081,0.000523, 
4,500, ,0.000541,0.000573,4.8E-05,0.000618,0.001215,0.000598, 
4,500, ,0.00037,0.000409,4.1E-05,0.000501,0.000982,0.000539, 
8,500, ,0.000258,0.000287,5.3E-05,0.000531,0.001043,0.000683, 
8,500, ,0.000299,0.004284,0.001836,0.001885,0.000842,0.000471, 
8,500, ,0.002929,0.00134,4.3E-05,0.000348,0.000797,0.000597, 
8,500, ,0.000237,0.000241,4.8E-05,0.001042,0.000749,0.00057, 
8,500, ,0.003307,0.002923,0.000466,0.000493,0.000808,0.000681, 
8,500, ,0.000208,0.000211,4.4E-05,0.000632,0.001989,0.001469, 
8,500, ,0.003803,0.003937,0.002671,0.000382,0.000744,0.000538, 
8,500, ,0.00342,0.000971,4.2E-05,0.000405,0.000784,0.000544, 
8,500, ,0.000288,0.000246,4.6E-05,0.00039,0.000868,0.003261, 
8,500, ,0.000235,0.000211,4.1E-05,0.000373,0.000739,0.000969, 
8,500, ,0.000231,0.000226,4.3E-05,0.000336,0.000737,0.001439, 
8,500, ,0.000266,0.000222,4.3E-05,0.00036,0.002292,0.000721, 
8,500, ,0.000272,0.000281,5.1E-05,0.000435,0.001423,0.00129, 
8,500, ,0.000272,0.000253,4.7E-05,0.0004,0.000845,0.000635, 
8,500, ,0.000242,0.003193,4.8E-05,0.000524,0.001163,0.000639, 
8,500, ,0.001035,0.000218,4.4E-05,0.000362,0.000749,0.000531, 
8,500, ,0.000212,0.000211,4.3E-05,0.000349,0.000742,0.000506, 
8,500, ,0.001999,0.000248,4.9E-05,0.000407,0.002026,0.000639, 
8,500, ,0.000257,0.000259,4.7E-05,0.000418,0.000866,0.000627, 
8,500, ,0.002492,0.00027,4.9E-05,0.000442,0.000841,0.000625, 
8,500, ,0.003496,0.001834,0.002768,0.000529,0.002477,0.003515, 
8,500, ,0.003644,0.000218,4.3E-05,0.000378,0.000738,0.000529, 
8,500, ,0.003773,0.004281,0.002311,0.003368,0.003944,0.00348, 
8,500, ,0.003247,0.001958,0.00322,0.00297,0.000726,0.000537, 
8,500, ,0.003405,0.003348,0.002176,0.002295,0.000823,0.000526, 
8,500, ,0.004863,0.002657,0.001736,0.002096,0.004009,0.002576, 
8,500, ,0.001734,0.000214,4.3E-05,0.000392,0.000702,0.000582, 
8,500, ,0.000336,0.000267,4.9E-05,0.000407,0.001022,0.000961, 
8,500, ,0.000289,0.000267,4.9E-05,0.000445,0.000911,0.000619, 
8,500, ,0.000209,0.000216,4.3E-05,0.000369,0.000837,0.000571, 
16,500, ,0.000562,0.000436,0.000492,0.000619,0.001457,0.000893, 
16,500, ,0.000458,0.000437,0.000144,0.000543,0.001066,0.000704, 
16,500, ,0.00045,0.001083,0.000244,0.000688,0.001229,0.00099, 
16,500, ,0.000537,0.000507,0.000303,0.000526,0.001092,0.000655, 
16,500, ,0.000437,0.000373,0.000285,0.00061,0.001499,0.000857, 
16,500, ,0.000469,0.000496,0.000295,0.000524,0.001163,0.000914, 
16,500, ,0.000457,0.000444,0.000326,0.000579,0.001106,0.000751, 
16,500, ,0.000381,0.000462,0.000304,0.00057,0.001097,0.000722, 
16,500, ,0.000596,0.000588,0.000426,0.001324,0.001258,0.000747, 
16,500, ,0.000538,0.000508,0.000144,0.00061,0.001134,0.001165, 
16,500, ,0.000472,0.000418,0.00016,0.000479,0.001438,0.000905, 
16,500, ,0.000407,0.000564,0.000819,0.000628,0.001242,0.005693, 
16,500, ,0.00046,0.000422,0.000292,0.000557,0.001173,0.000889, 
16,500, ,0.000388,0.000575,0.000256,0.000483,0.000855,0.000651, 
16,500, ,0.000375,0.000355,0.000285,0.000479,0.000893,0.000651, 
16,500, ,0.000455,0.000384,0.00021,0.000532,0.001134,0.000905, 
16,500, ,0.000508,0.00037,0.000136,0.000571,0.000918,0.000658, 
16,500, ,0.00034,0.000452,0.000256,0.000472,0.000954,0.000585, 
16,500, ,0.000345,0.000329,0.000146,0.000504,0.001021,0.000935, 
16,500, ,0.000302,0.00036,0.000217,0.000444,0.000854,0.000614, 
16,500, ,0.000334,0.00032,0.000234,0.000483,0.000875,0.000598, 
16,500, ,0.000363,0.000476,0.000249,0.000569,0.001317,0.000581, 
16,500, ,0.000392,0.000344,0.000261,0.000495,0.00091,0.000666, 
16,500, ,0.000327,0.00031,0.000184,0.000519,0.001059,0.000803, 
16,500, ,0.001069,0.00096,0.00027,0.000542,0.001123,0.003069, 
16,500, ,0.000484,0.000454,0.000254,0.000621,0.001145,0.000837, 
16,500, ,0.000316,0.000842,0.000783,0.000433,0.000802,0.000595, 
16,500, ,0.000317,0.000345,0.000164,0.000474,0.000906,0.000588, 
16,500, ,0.000342,0.000361,0.000182,0.000519,0.000945,0.000561, 
16,500, ,0.000457,0.000872,0.000191,0.000536,0.00091,0.000575, 
24,500, ,0.000565,0.000405,0.000261,0.000625,0.001003,0.000775, 
24,500, ,0.000431,0.000414,0.000219,0.00057,0.002039,0.000662, 
24,500, ,0.00042,0.006756,0.004491,0.001447,0.003212,0.000974, 
24,500, ,0.000495,0.000489,0.000254,0.000643,0.001272,0.000787, 
24,500, ,0.000826,0.000538,0.000248,0.000552,0.001262,0.000839, 
24,500, ,0.000507,0.000451,0.00025,0.000542,0.003669,0.000902, 
24,500, ,0.006834,0.000601,0.000329,0.000637,0.001243,0.000929, 
24,500, ,0.000406,0.000456,0.000206,0.000623,0.002291,0.000821, 
24,500, ,0.000569,0.000432,0.00032,0.000576,0.001021,0.000835, 
24,500, ,0.000478,0.000526,0.000295,0.001626,0.001358,0.000936, 
24,500, ,0.000469,0.00054,0.000287,0.000761,0.001216,0.00062, 
24,500, ,0.000407,0.000414,0.000205,0.000652,0.001419,0.000723, 
24,500, ,0.002746,0.000544,0.00034,0.000548,0.001281,0.001018, 
24,500, ,0.00072,0.000996,0.000581,0.000711,0.001118,0.000611, 
24,500, ,0.000514,0.000562,0.000434,0.000567,0.001203,0.001001, 
24,500, ,0.000414,0.000377,0.000183,0.000521,0.00094,0.000563, 
24,500, ,0.000358,0.000406,0.000295,0.000546,0.001009,0.000667, 
24,500, ,0.000528,0.0005,0.000556,0.000628,0.001142,0.000745, 
24,500, ,0.00044,0.000475,0.000196,0.000629,0.00118,0.000607, 
24,500, ,0.000559,0.000493,0.000513,0.000614,0.001049,0.000786, 
24,500, ,0.000443,0.000452,0.000335,0.001092,0.001458,0.000797, 
24,500, ,0.000374,0.000363,0.000212,0.000734,0.001368,0.000628, 
24,500, ,0.000416,0.000454,0.000219,0.000546,0.000965,0.000555, 
24,500, ,0.000621,0.000628,0.000297,0.00051,0.001108,0.00084, 
24,500, ,0.000538,0.000343,0.000247,0.000467,0.00095,0.000775, 
24,500, ,0.000421,0.000394,0.000257,0.000557,0.001134,0.000771, 
24,500, ,0.000413,0.000392,0.000258,0.000563,0.001169,0.000828, 
24,500, ,0.000602,0.000429,0.000244,0.000563,0.001041,0.000649, 
24,500, ,0.000379,0.000361,0.000204,0.000479,0.001442,0.001062, 
24,500, ,0.000492,0.000558,0.001092,0.000611,0.001301,0.000727, 
32,500, ,0.000481,0.000446,0.000316,0.000694,0.001216,0.000822, 
32,500, ,0.000744,0.000387,0.00023,0.000592,0.001109,0.000645, 
32,500, ,0.000485,0.00062,0.000358,0.000724,0.001339,0.00088, 
32,500, ,0.000562,0.000542,0.000233,0.000746,0.001366,0.000813, 
32,500, ,0.00048,0.000458,0.000339,0.000806,0.001293,0.001665, 
32,500, ,0.000421,0.000398,0.000197,0.000593,0.001073,0.00059, 
32,500, ,0.00042,0.000419,0.000249,0.000543,0.001066,0.000884, 
32,500, ,0.000511,0.000428,0.000237,0.000567,0.001332,0.000803, 
32,500, ,0.000787,0.000634,0.000272,0.000789,0.001414,0.000664, 
32,500, ,0.000481,0.000319,0.00032,0.000476,0.000977,0.000821, 
32,500, ,0.00057,0.000503,0.000341,0.000681,0.001284,0.000745, 
32,500, ,0.000494,0.000483,0.000272,0.000652,0.001329,0.000858, 
32,500, ,0.000485,0.000479,0.00025,0.000657,0.001311,0.000866, 
32,500, ,0.000493,0.000466,0.000301,0.000567,0.001154,0.000721, 
32,500, ,0.000471,0.000484,0.000311,0.00062,0.001125,0.000774, 
32,500, ,0.000479,0.00047,0.000393,0.000616,0.001306,0.000953, 
32,500, ,0.000517,0.000566,0.000398,0.00068,0.001408,0.000887, 
32,500, ,0.000514,0.000566,0.000339,0.000608,0.001172,0.000849, 
32,500, ,0.000486,0.000411,0.000269,0.001012,0.00135,0.000735, 
32,500, ,0.000479,0.000432,0.000272,0.00063,0.001168,0.000898, 
32,500, ,0.000591,0.000527,0.000337,0.000689,0.001358,0.001001, 
32,500, ,0.000475,0.000478,0.000256,0.000573,0.00123,0.000727, 
32,500, ,0.00048,0.000484,0.000315,0.000619,0.001255,0.000811, 
32,500, ,0.000474,0.000564,0.000404,0.000586,0.001182,0.000909, 
32,500, ,0.000462,0.000397,0.000365,0.000552,0.00113,0.000873, 
32,500, ,0.00058,0.000419,0.000426,0.000654,0.001304,0.000829, 
32,500, ,0.000621,0.000537,0.000369,0.000614,0.001291,0.000858, 
32,500, ,0.001475,0.000414,0.000313,0.000569,0.001178,0.000842, 
32,500, ,0.000533,0.000492,0.000311,0.00064,0.001271,0.000963, 
32,500, ,0.000505,0.000428,0.000366,0.000568,0.001214,0.000928, 
1,1000, ,0.004524,0.006602,0.000244,0.002324,0.00397,0.000333, 
1,1000, ,0.002624,0.003763,4.3E-05,0.002379,0.003741,0.00032, 
1,1000, ,0.002657,0.003759,4.3E-05,0.002241,0.003775,0.000322, 
1,1000, ,0.002571,0.003811,4.3E-05,0.002452,0.003818,0.000322, 
1,1000, ,0.006949,0.005,8.1E-05,0.00315,0.004868,0.000345, 
1,1000, ,0.002718,0.004031,6.1E-05,0.002909,0.004727,0.000336, 
1,1000, ,0.00535,0.00661,7.8E-05,0.00327,0.004363,0.000333, 
1,1000, ,0.002664,0.003721,4.3E-05,0.002869,0.004787,0.000337, 
1,1000, ,0.002779,0.003759,4.3E-05,0.002763,0.004494,0.000334, 
1,1000, ,0.002617,0.003867,4.3E-05,0.002654,0.004507,0.000324, 
1,1000, ,0.002585,0.003733,4.3E-05,0.002374,0.004293,0.000347, 
1,1000, ,0.002765,0.003734,4.3E-05,0.002259,0.003789,0.000475, 
1,1000, ,0.002647,0.003685,4.7E-05,0.002243,0.003809,0.000321, 
1,1000, ,0.002573,0.00369,4.3E-05,0.002282,0.003775,0.000322, 
1,1000, ,0.002665,0.003693,4.3E-05,0.002663,0.004322,0.000349, 
1,1000, ,0.002665,0.003783,4.9E-05,0.002584,0.004361,0.000324, 
1,1000, ,0.00257,0.00375,4.3E-05,0.002433,0.004297,0.000321, 
1,1000, ,0.006997,0.006001,4.3E-05,0.002343,0.003954,0.000348, 
1,1000, ,0.002663,0.003869,4.3E-05,0.002424,0.004076,0.000469, 
1,1000, ,0.002632,0.003828,4.3E-05,0.002464,0.004322,0.000322, 
1,1000, ,0.005859,0.007519,4.3E-05,0.00238,0.004127,0.000335, 
1,1000, ,0.007793,0.007183,4.3E-05,0.002377,0.003987,0.00033, 
1,1000, ,0.007898,0.004952,5.8E-05,0.003219,0.00512,0.000329, 
1,1000, ,0.00266,0.003802,4.3E-05,0.002384,0.004062,0.000325, 
1,1000, ,0.00789,0.004877,5.6E-05,0.003006,0.004811,0.000328, 
1,1000, ,0.00754,0.00495,5.8E-05,0.00304,0.004698,0.000325, 
1,1000, ,0.00745,0.004956,5.8E-05,0.003143,0.004838,0.000326, 
1,1000, ,0.002854,0.003796,4.3E-05,0.002535,0.004258,0.000337, 
1,1000, ,0.002663,0.003806,4.3E-05,0.002273,0.003851,0.000447, 
1,1000, ,0.007822,0.00693,4.3E-05,0.002641,0.004735,0.000331, 
2,1000, ,0.001657,0.002156,5.1E-05,0.001779,0.004363,0.000818, 
2,1000, ,0.002161,0.00263,6.5E-05,0.002181,0.004543,0.000775, 
2,1000, ,0.002423,0.0029,5.1E-05,0.001807,0.004166,0.000621, 
2,1000, ,0.001689,0.002177,5.3E-05,0.001772,0.003946,0.000622, 
2,1000, ,0.001787,0.002308,5.5E-05,0.001919,0.004431,0.000691, 
2,1000, ,0.002371,0.002627,6.5E-05,0.002493,0.005445,0.000744, 
2,1000, ,0.001687,0.002083,6.5E-05,0.001733,0.00456,0.000755, 
2,1000, ,0.004368,0.00348,7.2E-05,0.00237,0.004643,0.000805, 
2,1000, ,0.002255,0.002685,6.2E-05,0.00217,0.004708,0.000644, 
2,1000, ,0.002269,0.002848,6.8E-05,0.002336,0.004824,0.000776, 
2,1000, ,0.003753,0.003539,8.5E-05,0.002675,0.005244,0.000639, 
2,1000, ,0.004856,0.003888,6.5E-05,0.002296,0.004842,0.000811, 
2,1000, ,0.004782,0.005841,5.2E-05,0.001791,0.003977,0.000589, 
2,1000, ,0.002144,0.002414,5.1E-05,0.001722,0.003903,0.00064, 
2,1000, ,0.003826,0.004409,0.000107,0.003433,0.004276,0.000746, 
2,1000, ,0.005041,0.00447,5.6E-05,0.001976,0.00447,0.000635, 
2,1000, ,0.00485,0.003759,6.3E-05,0.002244,0.004975,0.00076, 
2,1000, ,0.001906,0.002025,6.5E-05,0.001758,0.005364,0.00095, 
2,1000, ,0.002425,0.002845,7.2E-05,0.001801,0.003578,0.000644, 
2,1000, ,0.001796,0.002143,5.2E-05,0.002369,0.00531,0.000761, 
2,1000, ,0.002117,0.002053,5.1E-05,0.001929,0.003941,0.000624, 
2,1000, ,0.002333,0.002835,6.9E-05,0.002388,0.004783,0.000614, 
2,1000, ,0.001724,0.002168,5.1E-05,0.001821,0.004313,0.00062, 
2,1000, ,0.001709,0.002528,5.2E-05,0.001718,0.005182,0.000823, 
2,1000, ,0.003326,0.004072,9.8E-05,0.0022,0.004498,0.000788, 
2,1000, ,0.00491,0.003023,7.1E-05,0.002429,0.005048,0.000798, 
2,1000, ,0.001683,0.002215,5.1E-05,0.001778,0.004335,0.000626, 
2,1000, ,0.002753,0.003869,8.1E-05,0.00264,0.005322,0.000629, 
2,1000, ,0.00167,0.002178,5.1E-05,0.002049,0.004566,0.000638, 
2,1000, ,0.003611,0.003757,9.1E-05,0.003043,0.004897,0.000618, 
4,1000, ,0.000974,0.001192,6.3E-05,0.001395,0.003925,0.00147, 
4,1000, ,0.001324,0.001677,9.4E-05,0.001935,0.003546,0.00142, 
4,1000, ,0.001216,0.001438,7.7E-05,0.001535,0.003161,0.001192, 
4,1000, ,0.000981,0.00121,6.4E-05,0.001488,0.00394,0.00144, 
4,1000, ,0.001277,0.001513,7.8E-05,0.00173,0.003765,0.001268, 
4,1000, ,0.00098,0.001179,6.3E-05,0.001502,0.003919,0.001488, 
4,1000, ,0.001719,0.001897,6.7E-05,0.001788,0.003333,0.001179, 
4,1000, ,0.001002,0.001257,6.3E-05,0.001582,0.004164,0.001178, 
4,1000, ,0.000981,0.001237,7.9E-05,0.001861,0.003895,0.001533, 
4,1000, ,0.001232,0.001393,6.3E-05,0.001641,0.004168,0.001288, 
4,1000, ,0.001014,0.001151,6.3E-05,0.001429,0.003677,0.001502, 
4,1000, ,0.001246,0.001459,7.7E-05,0.001729,0.004205,0.001421, 
4,1000, ,0.001723,0.001939,8.4E-05,0.002137,0.003648,0.001209, 
4,1000, ,0.00117,0.001417,8E-05,0.001802,0.004281,0.001552, 
4,1000, ,0.001763,0.001746,7.9E-05,0.002112,0.004557,0.001415, 
4,1000, ,0.000986,0.00121,6.3E-05,0.001372,0.003022,0.001096, 
4,1000, ,0.001562,0.00208,9E-05,0.002299,0.004773,0.001614, 
4,1000, ,0.000968,0.001224,6.5E-05,0.001415,0.003732,0.00125, 
4,1000, ,0.000968,0.001216,6.2E-05,0.001446,0.00381,0.001511, 
4,1000, ,0.001415,0.001544,6.6E-05,0.001957,0.003878,0.001282, 
4,1000, ,0.001011,0.001194,6.3E-05,0.001411,0.003251,0.00133, 
4,1000, ,0.002045,0.002073,8.5E-05,0.002406,0.004098,0.001192, 
4,1000, ,0.000978,0.00121,6.3E-05,0.001336,0.00297,0.001273, 
4,1000, ,0.001169,0.001401,7.4E-05,0.001631,0.004081,0.001266, 
4,1000, ,0.00095,0.001182,6.3E-05,0.001556,0.003976,0.001566, 
4,1000, ,0.001215,0.001455,7.5E-05,0.001752,0.00387,0.001257, 
4,1000, ,0.00097,0.001201,6.3E-05,0.001413,0.003386,0.001199, 
4,1000, ,0.001646,0.00185,7.7E-05,0.002379,0.004676,0.00109, 
4,1000, ,0.00098,0.001232,6.3E-05,0.00143,0.003834,0.00154, 
4,1000, ,0.000989,0.001226,6.3E-05,0.001428,0.00368,0.001367, 
8,1000, ,0.00073,0.000829,8E-05,0.001371,0.003251,0.002354, 
8,1000, ,0.00083,0.000951,8.8E-05,0.001623,0.003943,0.002096, 
8,1000, ,0.000677,0.000928,9.5E-05,0.001397,0.003644,0.002228, 
8,1000, ,0.000778,0.000849,8.7E-05,0.001419,0.003311,0.002414, 
8,1000, ,0.000779,0.000989,9.6E-05,0.001461,0.003382,0.002146, 
8,1000, ,0.00072,0.000955,9.3E-05,0.001324,0.003154,0.002151, 
8,1000, ,0.000783,0.001037,0.000107,0.001457,0.003169,0.002178, 
8,1000, ,0.000729,0.000939,9.1E-05,0.0014,0.003058,0.002113, 
8,1000, ,0.000756,0.001298,0.000207,0.001297,0.003368,0.002122, 
8,1000, ,0.000836,0.001,9.6E-05,0.001471,0.003329,0.002039, 
8,1000, ,0.000737,0.000962,9.4E-05,0.001443,0.003017,0.00183, 
8,1000, ,0.000694,0.000907,8.7E-05,0.001289,0.003311,0.00193, 
8,1000, ,0.000838,0.000993,9.9E-05,0.001479,0.003481,0.00211, 
8,1000, ,0.00177,0.000967,9.4E-05,0.001368,0.003997,0.001976, 
8,1000, ,0.000767,0.000883,8.6E-05,0.00119,0.002751,0.002085, 
8,1000, ,0.000671,0.00094,9.4E-05,0.001462,0.003183,0.002187, 
8,1000, ,0.000669,0.000943,9.4E-05,0.001427,0.003781,0.002194, 
8,1000, ,0.000756,0.000976,9.5E-05,0.001498,0.003825,0.002136, 
8,1000, ,0.000797,0.002097,9.2E-05,0.001388,0.002935,0.001955, 
8,1000, ,0.000651,0.000853,8.4E-05,0.001259,0.003366,0.002129, 
8,1000, ,0.000729,0.000956,9.3E-05,0.001364,0.003347,0.00218, 
8,1000, ,0.000741,0.000957,9.6E-05,0.001437,0.003094,0.002067, 
8,1000, ,0.000582,0.000866,8.5E-05,0.001252,0.003106,0.002046, 
8,1000, ,0.000921,0.001916,9.7E-05,0.001403,0.003363,0.002229, 
8,1000, ,0.000979,0.000977,9.4E-05,0.001339,0.003254,0.00216, 
8,1000, ,0.000658,0.000909,9.2E-05,0.001387,0.003232,0.001945, 
8,1000, ,0.000678,0.001004,0.0001,0.001428,0.003275,0.002012, 
8,1000, ,0.000835,0.000953,8.9E-05,0.001523,0.003638,0.00217, 
8,1000, ,0.001773,0.001002,0.000119,0.001297,0.003074,0.002052, 
8,1000, ,0.000583,0.000884,8.6E-05,0.001361,0.003392,0.002069, 
16,1000, ,0.00106,0.001268,0.000666,0.002016,0.004501,0.002629, 
16,1000, ,0.000961,0.001468,0.000818,0.001969,0.004,0.002105, 
16,1000, ,0.001213,0.001455,0.000763,0.001784,0.004368,0.003218, 
16,1000, ,0.001109,0.001194,0.000544,0.001587,0.004867,0.002024, 
16,1000, ,0.000882,0.003026,0.000376,0.001906,0.004365,0.004346, 
16,1000, ,0.000968,0.001269,0.000411,0.001688,0.003619,0.002077, 
16,1000, ,0.000732,0.001313,0.000666,0.001691,0.003506,0.001965, 
16,1000, ,0.001133,0.0012,0.000624,0.001304,0.003905,0.002589, 
16,1000, ,0.00122,0.001511,0.000543,0.002072,0.003746,0.003052, 
16,1000, ,0.000736,0.00135,0.000471,0.001482,0.003812,0.00208, 
16,1000, ,0.001151,0.001364,0.000588,0.001513,0.003908,0.002764, 
16,1000, ,0.001048,0.00138,0.00047,0.001742,0.003858,0.001965, 
16,1000, ,0.001012,0.0015,0.000859,0.002096,0.004566,0.002129, 
16,1000, ,0.000768,0.00138,0.001014,0.001515,0.003817,0.002626, 
16,1000, ,0.000989,0.001278,0.000396,0.002023,0.004203,0.002567, 
16,1000, ,0.00085,0.001339,0.000937,0.00152,0.00389,0.002738, 
16,1000, ,0.001549,0.001388,0.000703,0.001976,0.004342,0.002322, 
16,1000, ,0.00086,0.001061,0.000877,0.001579,0.00405,0.002498, 
16,1000, ,0.000741,0.001182,0.0004,0.001481,0.004078,0.001716, 
16,1000, ,0.00093,0.001336,0.000431,0.001642,0.004122,0.002437, 
16,1000, ,0.00095,0.001027,0.000973,0.001461,0.003728,0.002631, 
16,1000, ,0.001031,0.001267,0.0008,0.001924,0.003863,0.001794, 
16,1000, ,0.000848,0.001317,0.000264,0.001853,0.004754,0.002004, 
16,1000, ,0.001083,0.001261,0.000706,0.001693,0.00373,0.00245, 
16,1000, ,0.000979,0.001265,0.000579,0.001188,0.003752,0.002669, 
16,1000, ,0.000952,0.001446,0.000384,0.00152,0.004235,0.002566, 
16,1000, ,0.000974,0.001432,0.000665,0.001595,0.004598,0.002888, 
16,1000, ,0.001002,0.001323,0.000475,0.001695,0.003461,0.002269, 
16,1000, ,0.000901,0.001156,0.000736,0.001763,0.003865,0.002921, 
16,1000, ,0.001045,0.001281,0.000496,0.001711,0.00382,0.002649, 
24,1000, ,0.000953,0.001445,0.000615,0.001761,0.003846,0.001843, 
24,1000, ,0.000785,0.001134,0.000601,0.001754,0.004196,0.003001, 
24,1000, ,0.001204,0.001553,0.001021,0.001911,0.004336,0.002104, 
24,1000, ,0.000967,0.001273,0.000817,0.00188,0.003986,0.002462, 
24,1000, ,0.000919,0.001329,0.000698,0.001807,0.004593,0.002807, 
24,1000, ,0.00088,0.001347,0.000696,0.001966,0.003994,0.002464, 
24,1000, ,0.001181,0.001354,0.000819,0.001678,0.004346,0.002862, 
24,1000, ,0.000868,0.00122,0.000658,0.001895,0.003973,0.00246, 
24,1000, ,0.000831,0.001348,0.000656,0.002384,0.004849,0.002173, 
24,1000, ,0.001272,0.001186,0.00089,0.001326,0.003686,0.002068, 
24,1000, ,0.001239,0.001249,0.000903,0.001827,0.004553,0.002417, 
24,1000, ,0.000945,0.001463,0.000787,0.002044,0.004102,0.002258, 
24,1000, ,0.000847,0.001567,0.000736,0.001932,0.004014,0.002378, 
24,1000, ,0.001106,0.001466,0.000845,0.001874,0.003843,0.002562, 
24,1000, ,0.000742,0.001287,0.000917,0.001488,0.003973,0.002491, 
24,1000, ,0.000878,0.001235,0.000776,0.001651,0.003859,0.002189, 
24,1000, ,0.001114,0.001409,0.000812,0.001844,0.004701,0.002572, 
24,1000, ,0.000935,0.001317,0.000746,0.00162,0.004206,0.002148, 
24,1000, ,0.00101,0.00146,0.000607,0.001716,0.003567,0.002415, 
24,1000, ,0.000854,0.001272,0.00075,0.001923,0.004585,0.001796, 
24,1000, ,0.00109,0.00129,0.000858,0.001799,0.003958,0.00267, 
24,1000, ,0.000779,0.001275,0.000859,0.001577,0.004574,0.002913, 
24,1000, ,0.001047,0.001518,0.000706,0.001808,0.00373,0.001737, 
24,1000, ,0.000876,0.001371,0.000784,0.001583,0.003782,0.002406, 
24,1000, ,0.000874,0.00127,0.000841,0.001996,0.004722,0.002767, 
24,1000, ,0.000954,0.001307,0.000598,0.002318,0.004684,0.002657, 
24,1000, ,0.000743,0.001314,0.000925,0.001428,0.003527,0.002502, 
24,1000, ,0.001021,0.00138,0.000746,0.001502,0.004389,0.002263, 
24,1000, ,0.001055,0.001213,0.000788,0.001989,0.003845,0.001915, 
24,1000, ,0.001143,0.001327,0.000762,0.001582,0.00379,0.002772, 
32,1000, ,0.000872,0.001295,0.000827,0.001913,0.004454,0.002481, 
32,1000, ,0.001347,0.001337,0.000862,0.001829,0.00449,0.00234, 
32,1000, ,0.001091,0.001487,0.00088,0.00162,0.004207,0.002159, 
32,1000, ,0.000918,0.001576,0.000607,0.002106,0.004581,0.00219, 
32,1000, ,0.001023,0.001224,0.00088,0.001741,0.004071,0.003028, 
32,1000, ,0.000993,0.001248,0.000513,0.001776,0.004598,0.002225, 
32,1000, ,0.001068,0.001651,0.000922,0.001827,0.004132,0.002322, 
32,1000, ,0.000859,0.001351,0.000687,0.001745,0.004701,0.002243, 
32,1000, ,0.000959,0.001196,0.000971,0.001782,0.004387,0.002565, 
32,1000, ,0.000852,0.001325,0.00085,0.00187,0.004296,0.001798, 
32,1000, ,0.000958,0.001391,0.001007,0.002048,0.004138,0.002013, 
32,1000, ,0.000925,0.00145,0.000982,0.00173,0.00448,0.002575, 
32,1000, ,0.00096,0.001221,0.000573,0.001975,0.004213,0.002477, 
32,1000, ,0.001096,0.001384,0.000937,0.001562,0.004556,0.002739, 
32,1000, ,0.001039,0.001519,0.000625,0.001714,0.003957,0.002119, 
32,1000, ,0.000929,0.001301,0.000644,0.001908,0.004557,0.002155, 
32,1000, ,0.001331,0.001639,0.001059,0.001953,0.004322,0.002824, 
32,1000, ,0.000902,0.001438,0.000796,0.002017,0.004419,0.002552, 
32,1000, ,0.000854,0.001346,0.000873,0.00203,0.004794,0.002614, 
32,1000, ,0.000804,0.001478,0.000788,0.001979,0.004501,0.002967, 
32,1000, ,0.001032,0.001371,0.001004,0.001522,0.00382,0.002287, 
32,1000, ,0.00081,0.001201,0.000709,0.001742,0.003976,0.002259, 
32,1000, ,0.001155,0.001203,0.000974,0.001939,0.004286,0.002071, 
32,1000, ,0.000869,0.00134,0.000821,0.001578,0.003934,0.002887, 
32,1000, ,0.001041,0.001201,0.000843,0.002098,0.004801,0.002181, 
32,1000, ,0.001141,0.001347,0.000988,0.001693,0.004578,0.002358, 
32,1000, ,0.000884,0.001738,0.000818,0.001532,0.004098,0.00297, 
32,1000, ,0.001252,0.001271,0.000862,0.001639,0.004775,0.002602, 
32,1000, ,0.000766,0.001434,0.000658,0.001642,0.004062,0.002341, 
32,1000, ,0.0012,0.00141,0.000832,0.001974,0.004128,0.002386, 
1,2000, ,0.010993,0.015467,9.6E-05,0.012846,0.028823,0.000719, 
1,2000, ,0.010822,0.015236,8.9E-05,0.013797,0.027267,0.000704, 
1,2000, ,0.01083,0.0153,8.9E-05,0.012957,0.029035,0.000817, 
1,2000, ,0.011472,0.016143,8.9E-05,0.01124,0.028518,0.000712, 
1,2000, ,0.010821,0.015265,8.9E-05,0.011716,0.02681,0.000691, 
1,2000, ,0.010754,0.015712,8.9E-05,0.011307,0.029399,0.000695, 
1,2000, ,0.01471,0.020346,0.000127,0.013477,0.027363,0.000712, 
1,2000, ,0.010869,0.015388,9.4E-05,0.013855,0.028548,0.000704, 
1,2000, ,0.010819,0.015641,8.9E-05,0.013012,0.029171,0.000709, 
1,2000, ,0.010776,0.01572,8.9E-05,0.013434,0.029574,0.000716, 
1,2000, ,0.010845,0.015978,9.7E-05,0.013146,0.028167,0.000757, 
1,2000, ,0.011166,0.015651,9.1E-05,0.012706,0.028485,0.000813, 
1,2000, ,0.011093,0.015626,8.9E-05,0.012169,0.028425,0.000761, 
1,2000, ,0.011558,0.016485,9.7E-05,0.012413,0.029398,0.000776, 
1,2000, ,0.011609,0.016476,9.7E-05,0.013154,0.027901,0.000724, 
1,2000, ,0.011077,0.015606,8.9E-05,0.013109,0.028329,0.000749, 
1,2000, ,0.011195,0.015643,8.9E-05,0.013153,0.027858,0.00075, 
1,2000, ,0.01118,0.015773,8.9E-05,0.014203,0.027282,0.000836, 
1,2000, ,0.010912,0.015436,8.9E-05,0.013129,0.027292,0.000705, 
1,2000, ,0.010803,0.015685,8.9E-05,0.011954,0.02819,0.0007, 
1,2000, ,0.016295,0.015372,8.9E-05,0.012492,0.027233,0.000715, 
1,2000, ,0.010812,0.01529,8.9E-05,0.01208,0.028253,0.000706, 
1,2000, ,0.010722,0.015253,8.9E-05,0.012974,0.028338,0.000711, 
1,2000, ,0.010946,0.015767,8.9E-05,0.011916,0.027932,0.000706, 
1,2000, ,0.010785,0.015236,8.9E-05,0.012494,0.028694,0.000818, 
1,2000, ,0.010891,0.015362,9.6E-05,0.013389,0.028444,0.000713, 
1,2000, ,0.010805,0.015486,8.9E-05,0.013551,0.029925,0.000765, 
1,2000, ,0.010881,0.015207,8.9E-05,0.012189,0.0287,0.000703, 
1,2000, ,0.01084,0.015457,8.9E-05,0.011882,0.028905,0.000705, 
1,2000, ,0.011027,0.015559,8.9E-05,0.013008,0.028595,0.000703, 
2,2000, ,0.006794,0.008391,0.000112,0.010156,0.029491,0.001394, 
2,2000, ,0.006804,0.008425,0.000107,0.011332,0.029311,0.00141, 
2,2000, ,0.006814,0.008508,0.000106,0.010583,0.03113,0.001415, 
2,2000, ,0.007027,0.008582,0.000106,0.010568,0.029949,0.001378, 
2,2000, ,0.006825,0.008443,0.000106,0.010715,0.028436,0.001503, 
2,2000, ,0.006983,0.008455,0.000106,0.009975,0.027298,0.001474, 
2,2000, ,0.006661,0.009483,0.000106,0.010417,0.030064,0.001884, 
2,2000, ,0.006855,0.00843,0.000105,0.010061,0.029545,0.001379, 
2,2000, ,0.006931,0.008663,0.000106,0.010069,0.028615,0.001532, 
2,2000, ,0.006831,0.008428,0.000106,0.010327,0.028364,0.001475, 
2,2000, ,0.006961,0.008728,0.000106,0.010307,0.029143,0.001507, 
2,2000, ,0.006853,0.008654,0.000106,0.010581,0.028699,0.001504, 
2,2000, ,0.008157,0.009357,0.000125,0.012329,0.029998,0.001282, 
2,2000, ,0.00678,0.008394,0.000104,0.010394,0.029609,0.001562, 
2,2000, ,0.006773,0.008609,0.000105,0.010352,0.028833,0.001395, 
2,2000, ,0.00694,0.008543,0.000106,0.010835,0.027588,0.001389, 
2,2000, ,0.006966,0.008558,0.000105,0.010341,0.029466,0.001426, 
2,2000, ,0.006832,0.008419,0.000111,0.010254,0.028814,0.001424, 
2,2000, ,0.006769,0.008658,0.000106,0.010243,0.028994,0.001401, 
2,2000, ,0.00681,0.008489,0.000106,0.010052,0.02868,0.001522, 
2,2000, ,0.006843,0.008508,0.000107,0.009979,0.028687,0.001428, 
2,2000, ,0.006823,0.008492,0.000105,0.010528,0.02845,0.001383, 
2,2000, ,0.006762,0.008414,0.000106,0.010326,0.02929,0.001352, 
2,2000, ,0.00689,0.008489,0.000105,0.010247,0.029729,0.001386, 
2,2000, ,0.006937,0.008464,0.000106,0.010297,0.027896,0.001479, 
2,2000, ,0.006883,0.008448,0.000105,0.010278,0.029339,0.001381, 
2,2000, ,0.006761,0.008636,0.000106,0.010285,0.027716,0.001379, 
2,2000, ,0.006866,0.008473,0.000105,0.010461,0.02868,0.001379, 
2,2000, ,0.006695,0.008709,0.000105,0.010288,0.027914,0.001467, 
2,2000, ,0.00676,0.008503,0.000112,0.010047,0.028451,0.001472, 
4,2000, ,0.005255,0.006036,0.000133,0.011091,0.027438,0.003124, 
4,2000, ,0.004902,0.005927,0.000137,0.009106,0.027198,0.004359, 
4,2000, ,0.005271,0.005926,0.000131,0.011393,0.028046,0.003571, 
4,2000, ,0.005193,0.005916,0.000144,0.011016,0.027211,0.003815, 
4,2000, ,0.005112,0.005901,0.000207,0.008101,0.025845,0.004534, 
4,2000, ,0.005227,0.005977,0.000132,0.011039,0.02629,0.00338, 
4,2000, ,0.004917,0.005962,0.000139,0.009262,0.02653,0.003566, 
4,2000, ,0.005222,0.006046,0.000132,0.011432,0.027114,0.00289, 
4,2000, ,0.005161,0.006013,0.000139,0.010908,0.026741,0.005188, 
4,2000, ,0.005204,0.005925,0.000132,0.011391,0.026916,0.003391, 
4,2000, ,0.005189,0.005883,0.000133,0.011126,0.026698,0.00351, 
4,2000, ,0.005302,0.005834,0.000149,0.010974,0.026672,0.00341, 
4,2000, ,0.005203,0.005983,0.000136,0.011568,0.026853,0.004082, 
4,2000, ,0.006054,0.006903,0.000177,0.011845,0.026387,0.002557, 
4,2000, ,0.003894,0.004731,0.000131,0.00938,0.025783,0.003312, 
4,2000, ,0.005231,0.006265,0.000162,0.011569,0.026853,0.003283, 
4,2000, ,0.005493,0.006232,0.000154,0.012322,0.026895,0.002931, 
4,2000, ,0.004394,0.007064,0.000178,0.01176,0.026477,0.003371, 
4,2000, ,0.004177,0.00456,0.000176,0.009629,0.026365,0.004111, 
4,2000, ,0.005144,0.005921,0.000166,0.00967,0.035959,0.005984, 
4,2000, ,0.004467,0.005552,0.000141,0.008612,0.027874,0.003419, 
4,2000, ,0.005259,0.005983,0.000169,0.01113,0.027576,0.004139, 
4,2000, ,0.005225,0.006014,0.000133,0.010893,0.027094,0.004879, 
4,2000, ,0.00522,0.005926,0.000133,0.01171,0.027753,0.003768, 
4,2000, ,0.003703,0.005797,0.000147,0.010696,0.027804,0.003525, 
4,2000, ,0.003796,0.004428,0.000117,0.008751,0.025587,0.003987, 
4,2000, ,0.004151,0.004331,0.000117,0.008776,0.027474,0.003301, 
4,2000, ,0.005152,0.005814,0.000132,0.012143,0.026104,0.003272, 
4,2000, ,0.00586,0.004864,0.000132,0.009152,0.026651,0.003778, 
4,2000, ,0.003723,0.004563,0.000143,0.009053,0.026977,0.003496, 
8,2000, ,0.002217,0.003227,0.000174,0.008066,0.023336,0.008411, 
8,2000, ,0.00239,0.003182,0.000174,0.007419,0.023557,0.007527, 
8,2000, ,0.002337,0.003141,0.000172,0.00762,0.02408,0.008234, 
8,2000, ,0.0023,0.003178,0.000173,0.007644,0.024461,0.007722, 
8,2000, ,0.002325,0.003214,0.000178,0.007573,0.02363,0.007839, 
8,2000, ,0.002164,0.003269,0.000176,0.007527,0.024689,0.007971, 
8,2000, ,0.002306,0.00317,0.000175,0.007597,0.023678,0.007555, 
8,2000, ,0.002328,0.00315,0.000175,0.007321,0.023476,0.007941, 
8,2000, ,0.002318,0.004394,0.000174,0.007865,0.023326,0.007524, 
8,2000, ,0.002118,0.003179,0.000174,0.007595,0.024144,0.007724, 
8,2000, ,0.002409,0.003185,0.000177,0.007678,0.024521,0.007429, 
8,2000, ,0.0024,0.003267,0.000175,0.007639,0.023668,0.007085, 
8,2000, ,0.002121,0.003211,0.000176,0.007337,0.024048,0.007461, 
8,2000, ,0.002302,0.003268,0.000232,0.007445,0.023457,0.00776, 
8,2000, ,0.002569,0.003152,0.000174,0.007443,0.023418,0.007906, 
8,2000, ,0.003353,0.00332,0.000178,0.007215,0.023198,0.007962, 
8,2000, ,0.002129,0.003139,0.000174,0.00755,0.02432,0.007273, 
8,2000, ,0.002231,0.003128,0.000175,0.007643,0.022833,0.007721, 
8,2000, ,0.002097,0.003201,0.000174,0.007297,0.023837,0.007724, 
8,2000, ,0.002582,0.00316,0.000174,0.007548,0.02422,0.007487, 
8,2000, ,0.002174,0.003093,0.000173,0.007773,0.024914,0.007372, 
8,2000, ,0.00242,0.003418,0.000174,0.007521,0.023921,0.007906, 
8,2000, ,0.002175,0.003441,0.000174,0.007672,0.023581,0.008021, 
8,2000, ,0.002315,0.003194,0.000173,0.007397,0.023727,0.007609, 
8,2000, ,0.002828,0.003194,0.000167,0.008259,0.024303,0.008394, 
8,2000, ,0.00229,0.003313,0.000247,0.007211,0.023841,0.007466, 
8,2000, ,0.003457,0.003193,0.000176,0.008006,0.024307,0.007864, 
8,2000, ,0.002324,0.003268,0.000184,0.007784,0.023974,0.007733, 
8,2000, ,0.002142,0.003232,0.00018,0.007589,0.02345,0.00805, 
8,2000, ,0.002659,0.003199,0.000182,0.007874,0.024062,0.007631, 
16,2000, ,0.002113,0.004576,0.002193,0.008607,0.023489,0.008617, 
16,2000, ,0.001772,0.004733,0.001303,0.010066,0.023621,0.006418, 
16,2000, ,0.003717,0.004757,0.002937,0.008581,0.024218,0.008, 
16,2000, ,0.002703,0.003609,0.00208,0.012127,0.023812,0.004599, 
16,2000, ,0.002462,0.00461,0.001808,0.008648,0.022791,0.006923, 
16,2000, ,0.002617,0.004759,0.00349,0.008307,0.024254,0.006524, 
16,2000, ,0.003604,0.005131,0.003358,0.007205,0.023365,0.007531, 
16,2000, ,0.002183,0.004192,0.00135,0.00867,0.024234,0.009344, 
16,2000, ,0.002715,0.003279,0.003431,0.007109,0.025399,0.006756, 
16,2000, ,0.003559,0.004698,0.001972,0.009678,0.023678,0.007925, 
16,2000, ,0.003138,0.004328,0.001151,0.009665,0.024183,0.007975, 
16,2000, ,0.001734,0.004142,0.001137,0.00909,0.024062,0.007362, 
16,2000, ,0.00339,0.004811,0.002088,0.010966,0.022931,0.008189, 
16,2000, ,0.002342,0.004327,0.001666,0.008778,0.024329,0.007755, 
16,2000, ,0.003336,0.005917,0.001906,0.008017,0.023806,0.009085, 
16,2000, ,0.002321,0.003727,0.001657,0.008398,0.026738,0.008286, 
16,2000, ,0.003122,0.0047,0.001816,0.007615,0.023305,0.009858, 
16,2000, ,0.00293,0.004286,0.000979,0.009712,0.02437,0.007036, 
16,2000, ,0.001811,0.004237,0.00256,0.010207,0.023159,0.010003, 
16,2000, ,0.002827,0.004658,0.001886,0.011902,0.023844,0.011194, 
16,2000, ,0.002307,0.004763,0.001158,0.01173,0.023934,0.008472, 
16,2000, ,0.002559,0.004233,0.002799,0.01114,0.024523,0.01108, 
16,2000, ,0.002375,0.003259,0.00262,0.010863,0.024636,0.006257, 
16,2000, ,0.003801,0.004266,0.002759,0.009341,0.022552,0.008487, 
16,2000, ,0.002151,0.004069,0.001802,0.01136,0.023289,0.008798, 
16,2000, ,0.002981,0.006707,0.002174,0.008382,0.024197,0.008569, 
16,2000, ,0.002873,0.004966,0.002814,0.009184,0.025089,0.005117, 
16,2000, ,0.003166,0.005342,0.002775,0.01011,0.02374,0.008404, 
16,2000, ,0.003581,0.005278,0.000502,0.009006,0.023518,0.00526, 
16,2000, ,0.003359,0.004521,0.003159,0.01003,0.023534,0.005607, 
24,2000, ,0.002108,0.004107,0.002153,0.009272,0.023542,0.009882, 
24,2000, ,0.002641,0.004618,0.002147,0.009787,0.02389,0.008114, 
24,2000, ,0.003524,0.004731,0.002279,0.0102,0.023374,0.009512, 
24,2000, ,0.002122,0.004444,0.002731,0.009768,0.023853,0.008146, 
24,2000, ,0.003984,0.005883,0.002537,0.010062,0.023388,0.006303, 
24,2000, ,0.002652,0.006119,0.002664,0.010121,0.023875,0.009458, 
24,2000, ,0.002473,0.004158,0.002334,0.008359,0.02561,0.007223, 
24,2000, ,0.004119,0.005235,0.003002,0.008691,0.024568,0.007106, 
24,2000, ,0.00228,0.004254,0.002849,0.007517,0.025697,0.009044, 
24,2000, ,0.002315,0.004162,0.002174,0.00862,0.024383,0.007024, 
24,2000, ,0.002754,0.004116,0.001323,0.009142,0.022688,0.008896, 
24,2000, ,0.002479,0.005391,0.003067,0.010619,0.022704,0.008851, 
24,2000, ,0.001793,0.00393,0.002317,0.008281,0.024642,0.00646, 
24,2000, ,0.002965,0.005204,0.003595,0.005861,0.02311,0.010429, 
24,2000, ,0.00301,0.004106,0.002416,0.00876,0.024248,0.008385, 
24,2000, ,0.002137,0.004871,0.002654,0.007348,0.023859,0.006022, 
24,2000, ,0.003474,0.004667,0.002584,0.010238,0.023799,0.009936, 
24,2000, ,0.002813,0.004913,0.001504,0.010019,0.024247,0.008974, 
24,2000, ,0.002512,0.004915,0.002097,0.00992,0.024158,0.01108, 
24,2000, ,0.002664,0.004682,0.003255,0.0085,0.023475,0.008445, 
24,2000, ,0.002468,0.00476,0.003265,0.009116,0.024127,0.008261, 
24,2000, ,0.002183,0.004107,0.002724,0.011188,0.023075,0.008243, 
24,2000, ,0.003006,0.004632,0.002225,0.010801,0.0231,0.008465, 
24,2000, ,0.00332,0.00397,0.003268,0.010085,0.024689,0.008228, 
24,2000, ,0.002899,0.005793,0.001565,0.009495,0.023944,0.007536, 
24,2000, ,0.003768,0.004399,0.002707,0.009733,0.022674,0.010156, 
24,2000, ,0.002521,0.004648,0.002231,0.009291,0.023855,0.009747, 
24,2000, ,0.002258,0.004457,0.003162,0.009474,0.023315,0.008878, 
24,2000, ,0.002112,0.005186,0.001998,0.008681,0.02336,0.008002, 
24,2000, ,0.002449,0.004674,0.001958,0.008187,0.023761,0.008826, 
32,2000, ,0.001944,0.004415,0.003248,0.010764,0.023503,0.009219, 
32,2000, ,0.00309,0.004879,0.003196,0.007806,0.023687,0.007771, 
32,2000, ,0.002412,0.0045,0.002204,0.008433,0.023912,0.007219, 
32,2000, ,0.002256,0.003924,0.002258,0.009474,0.024266,0.008898, 
32,2000, ,0.002813,0.004111,0.003042,0.00928,0.024205,0.008709, 
32,2000, ,0.003196,0.004817,0.003744,0.009475,0.02303,0.010599, 
32,2000, ,0.00215,0.004257,0.002148,0.009768,0.023079,0.008722, 
32,2000, ,0.002962,0.0034,0.002697,0.008385,0.023838,0.008598, 
32,2000, ,0.002206,0.004248,0.003142,0.008899,0.023843,0.008797, 
32,2000, ,0.003402,0.004891,0.002923,0.008773,0.02468,0.007484, 
32,2000, ,0.003603,0.003843,0.002126,0.007263,0.024585,0.007013, 
32,2000, ,0.003076,0.005074,0.002867,0.007737,0.023875,0.008165, 
32,2000, ,0.002865,0.004675,0.003743,0.007671,39.24991,0.009553, 
32,2000, ,0.002245,0.004782,0.002775,0.008399,0.022685,0.010061, 
32,2000, ,0.002448,0.004208,0.003474,0.007408,0.025331,0.008749, 
32,2000, ,0.002662,0.004661,0.002393,0.008481,0.023363,0.007242, 
32,2000, ,0.003322,0.005271,0.00333,0.008007,0.023404,0.009494, 
32,2000, ,0.003148,0.005239,0.003277,0.007398,0.023046,0.009454, 
32,2000, ,0.003245,0.004389,0.002691,0.009486,0.024522,0.008348, 
32,2000, ,0.002959,0.004239,0.002609,0.009837,0.023318,0.008219, 
32,2000, ,0.0022,0.003894,0.001693,0.010016,0.023067,0.007168, 
32,2000, ,0.002371,0.003624,0.002469,0.008797,0.024603,0.007798, 
32,2000, ,0.004498,0.005524,0.003001,0.006556,0.023475,0.009884, 
32,2000, ,0.002073,0.004226,0.002443,0.009051,0.023549,0.00653, 
32,2000, ,0.001993,0.004074,0.002701,0.009097,0.024477,0.008766, 
32,2000, ,0.002561,0.003797,0.003105,0.008889,0.022493,0.010576, 
32,2000, ,0.002307,0.003974,0.002068,0.009108,0.024529,0.007785, 
32,2000, ,0.002005,0.003963,0.002291,0.007623,0.023257,0.009732, 
32,2000, ,0.003299,0.003487,0.002112,0.009778,0.026166,0.010406, 
32,2000, ,0.002488,0.004627,0.002804,0.009142,0.024052,0.00756, 
1, 5000, ,0.070988, 0.092585, 0.000214, 0.111356, 0.206845, 0.001706, 
1, 5000, ,0.075099, 0.091834, 0.000214, 0.110366, 0.209266, 0.001739, 
1, 5000, ,0.065447, 0.090998, 0.000213, 0.111283, 0.207924, 0.001885, 
1, 5000, ,0.067914, 0.096581, 0.000222, 0.115336, 0.208111, 0.001770, 
1, 5000, ,0.071882, 0.090700, 0.000214, 0.109989, 0.206849, 0.001718, 
1, 5000, ,0.064979, 0.091933, 0.000270, 0.110638, 0.206027, 0.001851, 
1, 5000, ,0.072580, 0.090868, 0.000219, 0.111706, 0.206634, 0.001906, 
1, 5000, ,0.076710, 0.094564, 0.000214, 0.110769, 0.217553, 0.001905, 
1, 5000, ,0.071051, 0.090658, 0.000218, 0.110671, 0.206524, 0.001712, 
1, 5000, ,0.071268, 0.092606, 0.000214, 0.111381, 0.207142, 0.001701, 
1, 5000, ,0.073562, 0.091057, 0.000213, 0.111625, 0.206424, 0.001709, 
1, 5000, ,0.075363, 0.091507, 0.000213, 0.109806, 0.205245, 0.001723, 
1, 5000, ,0.072967, 0.090865, 0.000219, 0.110117, 0.206154, 0.001709, 
1, 5000, ,0.071288, 0.090894, 0.000213, 0.110479, 0.206523, 0.001712, 
1, 5000, ,0.075531, 0.091571, 0.000214, 0.110979, 0.207221, 0.001700, 
1, 5000, ,0.071173, 0.090972, 0.000214, 0.111543, 0.206724, 0.001708, 
1, 5000, ,0.072109, 0.091503, 0.000213, 0.110607, 0.205790, 0.001696, 
1, 5000, ,0.070650, 0.090793, 0.000213, 0.111534, 0.206304, 0.001726, 
1, 5000, ,0.071886, 0.091476, 0.000213, 0.110023, 0.207076, 0.001702, 
1, 5000, ,0.070972, 0.090874, 0.000218, 0.110866, 0.206289, 0.001704, 
1, 5000, ,0.074725, 0.091112, 0.000214, 0.111173, 0.207042, 0.001706, 
1, 5000, ,0.071713, 0.091515, 0.000214, 0.110065, 0.206218, 0.001738, 
1, 5000, ,0.070636, 0.091000, 0.000214, 0.112027, 0.206434, 0.001705, 
1, 5000, ,0.072187, 0.090934, 0.000213, 0.110754, 0.206507, 0.001707, 
1, 5000, ,0.072579, 0.090641, 0.000213, 0.111205, 0.207169, 0.001710, 
1, 5000, ,0.072543, 0.091532, 0.000214, 0.110542, 0.207033, 0.001711, 
1, 5000, ,0.071923, 0.090884, 0.000213, 0.110387, 0.207455, 0.001709, 
1, 5000, ,0.073152, 0.090865, 0.000213, 0.112281, 0.207215, 0.001728, 
1, 5000, ,0.072795, 0.090788, 0.000213, 0.111035, 0.206973, 0.001689, 
1, 5000, ,0.070478, 0.090684, 0.000213, 0.110465, 0.206192, 0.001722, 
2, 5000, ,0.046950, 0.048938, 0.000236, 0.077557, 0.184233, 0.002960, 
2, 5000, ,0.042395, 0.048699, 0.000235, 0.078035, 0.185727, 0.003200, 
2, 5000, ,0.045229, 0.049081, 0.000236, 0.079585, 0.187411, 0.003140, 
2, 5000, ,0.046096, 0.048548, 0.000237, 0.078692, 0.188396, 0.003168, 
2, 5000, ,0.047857, 0.048700, 0.000236, 0.075970, 0.185808, 0.003037, 
2, 5000, ,0.040654, 0.048531, 0.000235, 0.079052, 0.185879, 0.003263, 
2, 5000, ,0.047579, 0.048268, 0.000235, 0.079601, 0.186609, 0.003102, 
2, 5000, ,0.046836, 0.049142, 0.000239, 0.078999, 0.185843, 0.003054, 
2, 5000, ,0.046393, 0.048489, 0.000236, 0.079094, 0.185424, 0.002942, 
2, 5000, ,0.048122, 0.047651, 0.000236, 0.076247, 0.183702, 0.003489, 
2, 5000, ,0.045076, 0.048496, 0.000236, 0.077697, 0.187042, 0.003180, 
2, 5000, ,0.046362, 0.048956, 0.000237, 0.078307, 0.186029, 0.003060, 
2, 5000, ,0.046939, 0.048624, 0.000235, 0.079029, 0.185080, 0.002862, 
2, 5000, ,0.044237, 0.048824, 0.000235, 0.078197, 0.186025, 0.003222, 
2, 5000, ,0.046477, 0.048150, 0.000236, 0.078124, 0.184088, 0.003268, 
2, 5000, ,0.041991, 0.048966, 0.000344, 0.078482, 0.186368, 0.003065, 
2, 5000, ,0.045065, 0.048613, 0.000237, 0.078165, 0.187941, 0.003079, 
2, 5000, ,0.047197, 0.048577, 0.000236, 0.079066, 0.187162, 0.003195, 
2, 5000, ,0.046425, 0.048912, 0.000301, 0.078110, 0.185417, 0.002861, 
2, 5000, ,0.040359, 0.047943, 0.000235, 0.077565, 0.185058, 0.002926, 
2, 5000, ,0.046061, 0.048980, 0.000246, 0.079540, 0.184851, 0.003079, 
2, 5000, ,0.047034, 0.048748, 0.000238, 0.078338, 0.186164, 0.003199, 
2, 5000, ,0.045247, 0.048494, 0.000235, 0.077890, 0.186889, 0.003294, 
2, 5000, ,0.045505, 0.048426, 0.000234, 0.079143, 0.185592, 0.003097, 
2, 5000, ,0.040869, 0.049305, 0.000236, 0.078816, 0.185147, 0.002932, 
2, 5000, ,0.046788, 0.049413, 0.000257, 0.079325, 0.188241, 0.003054, 
2, 5000, ,0.048082, 0.048562, 0.000238, 0.077391, 0.182433, 0.002870, 
2, 5000, ,0.042867, 0.048114, 0.000237, 0.078047, 0.184326, 0.003105, 
2, 5000, ,0.046851, 0.048646, 0.000252, 0.079177, 0.186300, 0.003134, 
2, 5000, ,0.045209, 0.048048, 0.000237, 0.078626, 0.185352, 0.002878, 
4, 5000, ,0.026857, 0.027313, 0.000273, 0.068552, 0.178842, 0.009919, 
4, 5000, ,0.024901, 0.027563, 0.000288, 0.068164, 0.178909, 0.009021, 
4, 5000, ,0.025434, 0.027688, 0.000289, 0.070761, 0.185102, 0.011542, 
4, 5000, ,0.024270, 0.037207, 0.000394, 0.068251, 0.183739, 0.009515, 
4, 5000, ,0.032263, 0.035252, 0.000288, 0.068175, 0.179884, 0.010384, 
4, 5000, ,0.034586, 0.036042, 0.000316, 0.078708, 0.177236, 0.009505, 
4, 5000, ,0.024966, 0.027394, 0.000296, 0.068996, 0.180388, 0.008117, 
4, 5000, ,0.033023, 0.034709, 0.000336, 0.073276, 0.179067, 0.008612, 
4, 5000, ,0.030873, 0.034960, 0.000329, 0.072120, 0.171067, 0.012339, 
4, 5000, ,0.032627, 0.027581, 0.000297, 0.068652, 0.179074, 0.009248, 
4, 5000, ,0.022092, 0.027114, 0.000285, 0.067735, 0.179448, 0.010114, 
4, 5000, ,0.024967, 0.027299, 0.000282, 0.068240, 0.179502, 0.009007, 
4, 5000, ,0.033341, 0.035318, 0.000317, 0.080966, 0.181595, 0.008079, 
4, 5000, ,0.024387, 0.027452, 0.000286, 0.067722, 0.181861, 0.010767, 
4, 5000, ,0.024765, 0.027588, 0.000285, 0.067285, 0.182081, 0.008298, 
4, 5000, ,0.023147, 0.027092, 0.000275, 0.067123, 0.179421, 0.008990, 
4, 5000, ,0.024459, 0.027670, 0.000297, 0.068178, 0.179661, 0.008829, 
4, 5000, ,0.029787, 0.035332, 0.000329, 0.070527, 0.178228, 0.010096, 
4, 5000, ,0.025121, 0.027734, 0.000300, 0.068145, 0.177997, 0.007959, 
4, 5000, ,0.032971, 0.035731, 0.000333, 0.078242, 0.179380, 0.008420, 
4, 5000, ,0.024398, 0.027079, 0.000273, 0.068079, 0.177743, 0.010428, 
4, 5000, ,0.023871, 0.027724, 0.000326, 0.068202, 0.178828, 0.010278, 
4, 5000, ,0.024286, 0.027991, 0.000296, 0.068278, 0.177820, 0.009161, 
4, 5000, ,0.033103, 0.035479, 0.000342, 0.070549, 0.178478, 0.008739, 
4, 5000, ,0.025622, 0.027483, 0.000284, 0.067555, 0.179535, 0.008949, 
4, 5000, ,0.030502, 0.035928, 0.000328, 0.068555, 0.178463, 0.008330, 
4, 5000, ,0.024318, 0.028440, 0.000284, 0.067546, 0.178083, 0.010517, 
4, 5000, ,0.025906, 0.027344, 0.000288, 0.068056, 0.180508, 0.009439, 
4, 5000, ,0.024067, 0.027545, 0.000274, 0.068580, 0.179496, 0.010065, 
4, 5000, ,0.026763, 0.027588, 0.000291, 0.067871, 0.179417, 0.009865, 
8, 5000, ,0.014490, 0.020008, 0.000422, 0.066081, 0.192058, 0.050887, 
8, 5000, ,0.014704, 0.019973, 0.000428, 0.067539, 0.188949, 0.053596, 
8, 5000, ,0.016031, 0.020354, 0.000415, 0.067675, 0.186845, 0.048643, 
8, 5000, ,0.017493, 0.019820, 0.000426, 0.068327, 0.192153, 0.056930, 
8, 5000, ,0.017260, 0.019899, 0.000407, 0.069010, 0.184371, 0.051933, 
8, 5000, ,0.018972, 0.019814, 0.000411, 0.069543, 0.186933, 0.048339, 
8, 5000, ,0.016749, 0.020109, 0.000427, 0.067933, 0.189370, 0.048348, 
8, 5000, ,0.016975, 0.020156, 0.000415, 0.067449, 0.188612, 0.051394, 
8, 5000, ,0.013308, 0.020169, 0.000428, 0.067847, 0.188115, 0.053484, 
8, 5000, ,0.014707, 0.019758, 0.000428, 0.063446, 0.183714, 0.050803, 
8, 5000, ,0.016423, 0.019775, 0.000420, 0.067512, 0.186925, 0.040476, 
8, 5000, ,0.017924, 0.019815, 0.000411, 0.070066, 0.190028, 0.045590, 
8, 5000, ,0.014338, 0.020248, 0.000428, 0.066045, 0.186369, 0.051773, 
8, 5000, ,0.018461, 0.020172, 0.000407, 0.069479, 0.189426, 0.050691, 
8, 5000, ,0.017205, 0.020093, 0.000427, 0.067098, 0.187012, 0.053928, 
8, 5000, ,0.018743, 0.019901, 0.000405, 0.068878, 0.187720, 0.051350, 
8, 5000, ,0.015240, 0.019744, 0.000426, 0.066795, 0.189157, 0.051369, 
8, 5000, ,0.018294, 0.019975, 0.000408, 0.068414, 0.190378, 0.055067, 
8, 5000, ,0.018995, 0.021665, 0.000428, 0.068805, 0.191833, 0.050168, 
8, 5000, ,0.015183, 0.019961, 0.000422, 0.065954, 0.187522, 0.052970, 
8, 5000, ,0.016588, 0.019756, 0.000415, 0.067340, 0.188011, 0.044996, 
8, 5000, ,0.016067, 0.020181, 0.000422, 0.066534, 0.187392, 0.047017, 
8, 5000, ,0.012650, 0.019940, 0.000421, 0.066870, 0.183539, 0.052023, 
8, 5000, ,0.014545, 0.020043, 0.000420, 0.066138, 0.188845, 0.051664, 
8, 5000, ,0.015302, 0.020371, 0.000426, 0.066582, 0.183806, 0.048259, 
8, 5000, ,0.015563, 0.020036, 0.000428, 0.067727, 0.188074, 0.051878, 
8, 5000, ,0.016092, 0.020197, 0.000424, 0.065975, 0.187678, 0.052988, 
8, 5000, ,0.016466, 0.020234, 0.000426, 0.067798, 0.191317, 0.048814, 
8, 5000, ,0.014313, 0.019882, 0.000427, 0.066161, 0.188185, 0.046536, 
8, 5000, ,0.014806, 0.019985, 0.000424, 0.066316, 0.187024, 0.053197, 
16, 5000, ,0.013666, 0.022169, 0.004911, 0.083296, 0.195347, 0.071130, 
16, 5000, ,0.012111, 0.020522, 0.006964, 0.067763, 0.184442, 0.058620, 
16, 5000, ,0.017640, 0.024387, 0.006162, 0.073852, 0.186820, 0.065738, 
16, 5000, ,0.017018, 0.022655, 0.013727, 0.065460, 0.190116, 0.051645, 
16, 5000, ,0.012334, 0.022469, 0.011697, 0.069000, 0.187967, 0.063724, 
16, 5000, ,0.016092, 0.023052, 0.006070, 0.074547, 0.184907, 0.048492, 
16, 5000, ,0.016863, 0.022313, 0.002918, 0.073480, 0.184953, 0.060155, 
16, 5000, ,0.012604, 0.022206, 0.008999, 0.063097, 0.195600, 0.058967, 
16, 5000, ,0.015540, 0.024615, 0.011361, 0.076693, 0.187174, 0.066841, 
16, 5000, ,0.019789, 0.023998, 0.007515, 0.063877, 0.185324, 0.043818, 
16, 5000, ,0.012873, 0.023199, 0.013650, 0.067988, 0.188027, 0.066654, 
16, 5000, ,0.015995, 0.021779, 0.016466, 0.064078, 0.190376, 0.068631, 
16, 5000, ,0.016644, 0.022904, 0.011859, 0.075322, 0.183827, 0.053815, 
16, 5000, ,0.013989, 0.024254, 0.005892, 0.077545, 0.188868, 0.046510, 
16, 5000, ,0.014791, 0.022435, 0.010665, 0.069237, 0.188162, 0.090435, 
16, 5000, ,0.015902, 0.022069, 0.007578, 0.069438, 0.189867, 0.082173, 
16, 5000, ,0.011356, 0.022839, 0.008269, 0.080318, 0.188504, 0.067436, 
16, 5000, ,0.015983, 0.021543, 0.008998, 0.076727, 0.186084, 0.053102, 
16, 5000, ,0.016295, 0.023972, 0.007579, 0.075116, 0.189444, 0.056725, 
16, 5000, ,0.010701, 0.025148, 0.007260, 0.064017, 0.187815, 0.076245, 
16, 5000, ,0.015356, 0.020629, 0.006887, 0.076816, 0.189706, 0.077791, 
16, 5000, ,0.018398, 0.022681, 0.007230, 0.077761, 0.188340, 0.059752, 
16, 5000, ,0.013865, 0.022347, 0.007044, 0.080270, 0.187655, 0.049208, 
16, 5000, ,0.009067, 0.023026, 0.011214, 0.062844, 0.189407, 0.068218, 
16, 5000, ,0.015436, 0.020170, 0.009684, 0.073841, 0.191335, 0.066534, 
16, 5000, ,0.012866, 0.020652, 0.013291, 0.070951, 0.190470, 0.060618, 
16, 5000, ,0.013239, 0.021448, 0.012298, 0.060246, 0.192124, 0.068504, 
16, 5000, ,0.017725, 0.022409, 0.015061, 0.068729, 0.187452, 0.061010, 
16, 5000, ,0.013374, 0.023484, 0.007554, 0.076089, 0.183810, 0.057258, 
16, 5000, ,0.014630, 0.022196, 0.009014, 0.078244, 0.187854, 0.078730, 
24, 5000, ,0.012929, 0.022872, 0.012988, 0.075436, 0.186819, 0.070409, 
24, 5000, ,0.014676, 0.024167, 0.012782, 0.069480, 0.186020, 0.065804, 
24, 5000, ,0.012571, 0.022902, 0.014103, 0.079550, 0.184294, 0.068457, 
24, 5000, ,0.013959, 0.023027, 0.011554, 0.071890, 0.185827, 0.070333, 
24, 5000, ,0.014787, 0.022098, 0.011261, 0.065807, 0.188271, 0.069307, 
24, 5000, ,0.016738, 0.021756, 0.015553, 0.063330, 0.185206, 0.059542, 
24, 5000, ,0.011038, 0.022672, 0.010495, 0.074140, 0.184795, 0.079105, 
24, 5000, ,0.014752, 0.021404, 0.008060, 0.073683, 0.185431, 0.076238, 
24, 5000, ,0.015318, 0.021438, 0.007295, 0.075915, 0.187796, 0.074971, 
24, 5000, ,0.015961, 0.022615, 0.014709, 0.074959, 0.186388, 0.066519, 
24, 5000, ,0.017132, 0.021763, 0.016871, 0.069785, 0.188158, 0.088339, 
24, 5000, ,0.009465, 0.022931, 0.006973, 0.071079, 0.184992, 0.074822, 
24, 5000, ,0.014743, 0.023713, 0.010454, 0.066792, 0.184739, 0.074825, 
24, 5000, ,0.014454, 0.021766, 0.011957, 0.072050, 0.183280, 0.076749, 
24, 5000, ,0.014653, 0.023405, 0.012918, 0.075222, 0.185113, 0.050712, 
24, 5000, ,0.012784, 0.022734, 0.008641, 0.071487, 0.188191, 0.050698, 
24, 5000, ,0.012910, 0.020976, 0.008181, 0.077357, 0.189493, 0.071425, 
24, 5000, ,0.015137, 0.022415, 0.012624, 0.077916, 0.188302, 0.086009, 
24, 5000, ,0.009045, 0.023755, 0.012993, 0.075239, 0.186874, 0.077408, 
24, 5000, ,0.019117, 0.023411, 0.011802, 0.059610, 0.186600, 0.077354, 
24, 5000, ,0.011155, 0.024209, 0.006391, 0.072062, 0.187192, 0.048394, 
24, 5000, ,0.013484, 0.021386, 0.011859, 0.079903, 0.190359, 0.080664, 
24, 5000, ,0.014914, 0.023681, 0.011414, 0.075370, 0.188639, 0.057277, 
24, 5000, ,0.010622, 0.025531, 0.016165, 0.065202, 0.182866, 0.056047, 
24, 5000, ,0.013876, 0.021301, 0.012434, 0.072102, 0.189600, 0.071826, 
24, 5000, ,0.015562, 0.023296, 0.010647, 0.063501, 0.184069, 0.068628, 
24, 5000, ,0.012502, 0.023253, 0.010596, 0.068768, 0.183730, 0.079067, 
24, 5000, ,0.015263, 0.022226, 0.013570, 0.069686, 0.188340, 0.076571, 
24, 5000, ,0.016356, 0.020943, 0.011640, 0.070848, 0.186084, 0.074510, 
24, 5000, ,0.014586, 0.023720, 0.012496, 0.069225, 0.188523, 0.063969, 
32, 5000, ,0.011420, 0.022717, 0.011898, 0.072469, 0.186935, 0.083371, 
32, 5000, ,0.013047, 0.022294, 0.011580, 0.075601, 0.186487, 0.068973, 
32, 5000, ,0.013923, 0.021866, 0.012215, 0.060123, 0.188914, 0.087632, 
32, 5000, ,0.012858, 0.023018, 0.013438, 0.073460, 0.187182, 0.064047, 
32, 5000, ,0.014108, 0.022522, 0.008905, 0.078069, 0.189686, 0.068522, 
32, 5000, ,0.013509, 0.023927, 0.015447, 0.077079, 0.187855, 0.080141, 
32, 5000, ,0.012548, 0.023391, 0.009308, 0.075909, 0.186621, 0.063954, 
32, 5000, ,0.013832, 0.021755, 0.014809, 0.060725, 0.188720, 0.087129, 
32, 5000, ,0.015153, 0.023340, 0.012623, 0.071276, 0.190755, 0.065574, 
32, 5000, ,0.012411, 0.022470, 0.011216, 0.073766, 0.183365, 0.073897, 
32, 5000, ,0.013675, 0.021411, 0.012029, 0.076237, 0.188013, 0.069915, 
32, 5000, ,0.010976, 0.024111, 0.014698, 0.069658, 0.189768, 0.088353, 
32, 5000, ,0.012890, 0.023191, 0.006660, 0.075591, 0.187796, 0.081398, 
32, 5000, ,0.012005, 0.022376, 0.014152, 0.075223, 0.185377, 0.065884, 
32, 5000, ,0.016198, 0.024608, 0.013531, 0.075141, 0.187119, 0.072778, 
32, 5000, ,0.014552, 0.022562, 0.011184, 0.076183, 0.184362, 0.070073, 
32, 5000, ,0.016562, 0.023811, 0.012433, 0.071993, 0.190560, 0.072960, 
32, 5000, ,0.012201, 0.023247, 0.014271, 0.074025, 0.183232, 0.068789, 
32, 5000, ,0.013156, 0.022330, 0.009134, 0.069908, 0.190653, 0.052970, 
32, 5000, ,0.011431, 0.022657, 0.012030, 0.069852, 0.182172, 0.070397, 
32, 5000, ,0.012200, 0.023188, 0.014091, 0.064608, 0.187751, 0.066524, 
32, 5000, ,0.012596, 0.023433, 0.015952, 0.070824, 0.189522, 0.077262, 
32, 5000, ,0.013166, 0.023039, 0.011315, 0.077425, 0.183332, 0.059498, 
32, 5000, ,0.015902, 0.022002, 0.012500, 0.077442, 0.190627, 0.086472, 
32, 5000, ,0.014428, 0.022969, 0.012458, 0.077159, 0.186342, 0.074630, 
32, 5000, ,0.009487, 0.022532, 0.011254, 0.071843, 0.189540, 0.078167, 
32, 5000, ,0.010821, 0.023105, 0.011725, 0.075325, 0.185218, 0.074712, 
32, 5000, ,0.012548, 0.023276, 0.012927, 0.068929, 0.184692, 0.057402, 
32, 5000, ,0.008817, 0.023939, 0.017748, 0.072121, 0.182298, 0.082049, 
32, 5000, ,0.013057, 0.022899, 0.011827, 0.079386, 0.191563, 0.073945, 
1, 10000, ,0.261321, 0.369963, 0.000427, 0.491707, 0.878149, 0.003575, 
1, 10000, ,0.260433, 0.366939, 0.000444, 0.474710, 0.880932, 0.003445, 
1, 10000, ,0.261828, 0.384459, 0.000444, 0.481306, 0.862630, 0.003476, 
1, 10000, ,0.264204, 0.376021, 0.000523, 0.471588, 0.854423, 0.003493, 
1, 10000, ,0.274636, 0.403971, 0.000491, 0.480898, 0.862994, 0.003426, 
1, 10000, ,0.264629, 0.375220, 0.000427, 0.461936, 0.851905, 0.003428, 
1, 10000, ,0.263290, 0.368551, 0.000427, 0.463753, 0.866953, 0.003528, 
1, 10000, ,0.255214, 0.367411, 0.000427, 0.464383, 0.869196, 0.003604, 
1, 10000, ,0.266112, 0.388182, 0.000427, 0.477202, 0.855163, 0.003772, 
1, 10000, ,0.274418, 0.411095, 0.000620, 0.482300, 0.915942, 0.005762, 
1, 10000, ,0.284143, 0.391451, 0.000539, 0.485584, 0.885807, 0.003682, 
1, 10000, ,0.274229, 0.391550, 0.000478, 0.484303, 0.859607, 0.003494, 
1, 10000, ,0.262103, 0.368485, 0.000443, 0.484803, 0.882955, 0.003699, 
1, 10000, ,0.271177, 0.379461, 0.000437, 0.464010, 0.858587, 0.003632, 
1, 10000, ,0.272866, 0.393690, 0.000446, 0.492596, 0.865132, 0.003438, 
1, 10000, ,0.267241, 0.379296, 0.000844, 0.489185, 0.877783, 0.003450, 
1, 10000, ,0.264058, 0.373527, 0.000434, 0.469890, 0.874114, 0.003725, 
1, 10000, ,0.264749, 0.388525, 0.000426, 0.482610, 0.860405, 0.003460, 
1, 10000, ,0.263573, 0.376309, 0.000504, 0.481936, 0.862430, 0.003506, 
1, 10000, ,0.274347, 0.367988, 0.000428, 0.464209, 0.847378, 0.003452, 
1, 10000, ,0.260679, 0.373276, 0.000427, 0.463469, 0.849274, 0.003561, 
1, 10000, ,0.262374, 0.367348, 0.000436, 0.463853, 0.853619, 0.003410, 
1, 10000, ,0.263609, 0.367246, 0.000427, 0.462275, 0.845593, 0.003460, 
1, 10000, ,0.263581, 0.375088, 0.000426, 0.464387, 0.849858, 0.003571, 
1, 10000, ,0.261559, 0.367642, 0.000427, 0.461233, 0.850691, 0.003476, 
1, 10000, ,0.262786, 0.367924, 0.000426, 0.461807, 0.845967, 0.003477, 
1, 10000, ,0.262232, 0.367969, 0.000427, 0.470133, 0.848345, 0.003739, 
1, 10000, ,0.263841, 0.369637, 0.000427, 0.461482, 0.850683, 0.003477, 
1, 10000, ,0.261906, 0.366719, 0.000427, 0.464737, 0.848093, 0.003475, 
1, 10000, ,0.260296, 0.367667, 0.000427, 0.471700, 0.843603, 0.003426, 
2, 10000, ,0.161093, 0.191737, 0.000503, 0.316245, 0.758478, 0.006071, 
2, 10000, ,0.161477, 0.192335, 0.000521, 0.326398, 0.751061, 0.005653, 
2, 10000, ,0.162229, 0.205404, 0.000514, 0.332493, 0.777114, 0.005704, 
2, 10000, ,0.158205, 0.194565, 0.000469, 0.327174, 0.795910, 0.005892, 
2, 10000, ,0.159490, 0.194403, 0.000468, 0.320798, 0.752990, 0.005870, 
2, 10000, ,0.162072, 0.191612, 0.000559, 0.317710, 0.750098, 0.005920, 
2, 10000, ,0.155296, 0.194230, 0.000481, 0.320919, 0.745998, 0.005651, 
2, 10000, ,0.157147, 0.191472, 0.000470, 0.326937, 0.751724, 0.006123, 
2, 10000, ,0.159188, 0.191144, 0.000485, 0.319294, 0.745693, 0.005694, 
2, 10000, ,0.156642, 0.194261, 0.000483, 0.323724, 0.759239, 0.005643, 
2, 10000, ,0.162478, 0.191037, 0.000473, 0.316828, 0.756455, 0.006279, 
2, 10000, ,0.168366, 0.193076, 0.000479, 0.320998, 0.750095, 0.005818, 
2, 10000, ,0.161524, 0.192301, 0.000558, 0.317626, 0.748643, 0.006089, 
2, 10000, ,0.158544, 0.194475, 0.000481, 0.323398, 0.760347, 0.006047, 
2, 10000, ,0.162456, 0.190998, 0.000541, 0.316531, 0.763777, 0.006015, 
2, 10000, ,0.157288, 0.193585, 0.000481, 0.322259, 0.757408, 0.005624, 
2, 10000, ,0.162019, 0.193462, 0.000471, 0.318973, 0.755834, 0.005955, 
2, 10000, ,0.157188, 0.194350, 0.000471, 0.320475, 0.758141, 0.006146, 
2, 10000, ,0.164853, 0.196753, 0.000468, 0.323025, 0.757181, 0.006235, 
2, 10000, ,0.159755, 0.195790, 0.000482, 0.323377, 0.758943, 0.006264, 
2, 10000, ,0.158379, 0.194526, 0.000472, 0.323651, 0.758319, 0.006191, 
2, 10000, ,0.162427, 0.193665, 0.000472, 0.318398, 0.764265, 0.006255, 
2, 10000, ,0.157786, 0.195134, 0.000484, 0.320744, 0.762418, 0.006197, 
2, 10000, ,0.161659, 0.194596, 0.000470, 0.324598, 0.759096, 0.006152, 
2, 10000, ,0.161566, 0.195473, 0.000544, 0.324183, 0.754278, 0.006091, 
2, 10000, ,0.160811, 0.201714, 0.000545, 0.325566, 0.760464, 0.006196, 
2, 10000, ,0.158380, 0.191107, 0.000487, 0.318198, 0.745296, 0.006052, 
2, 10000, ,0.161738, 0.195307, 0.000542, 0.324606, 0.755325, 0.006266, 
2, 10000, ,0.155862, 0.194140, 0.000471, 0.321016, 0.766181, 0.006109, 
2, 10000, ,0.161916, 0.194638, 0.000596, 0.324259, 0.757651, 0.006000, 
4, 10000, ,0.119609, 0.139274, 0.000620, 0.284899, 0.734625, 0.018098, 
4, 10000, ,0.089947, 0.110136, 0.000549, 0.282158, 0.725805, 0.016543, 
4, 10000, ,0.088483, 0.109611, 0.000642, 0.278931, 0.738747, 0.015628, 
4, 10000, ,0.089449, 0.109669, 0.000630, 0.281391, 0.732034, 0.016460, 
4, 10000, ,0.088137, 0.109590, 0.000594, 0.282459, 0.729493, 0.016726, 
4, 10000, ,0.088438, 0.110302, 0.000650, 0.281344, 0.728877, 0.015868, 
4, 10000, ,0.111788, 0.137803, 0.000678, 0.323145, 0.745699, 0.017986, 
4, 10000, ,0.088250, 0.110453, 0.000568, 0.283800, 0.728470, 0.016657, 
4, 10000, ,0.088418, 0.108468, 0.000565, 0.280142, 0.728894, 0.017364, 
4, 10000, ,0.089450, 0.110031, 0.000645, 0.281327, 0.726900, 0.017068, 
4, 10000, ,0.087993, 0.109574, 0.000561, 0.280771, 0.739820, 0.015911, 
4, 10000, ,0.115036, 0.129509, 0.000566, 0.284608, 0.731900, 0.016766, 
4, 10000, ,0.089147, 0.109680, 0.000619, 0.280901, 0.729514, 0.017638, 
4, 10000, ,0.087930, 0.109362, 0.000547, 0.278806, 0.730012, 0.016954, 
4, 10000, ,0.088135, 0.109476, 0.000637, 0.280636, 0.726618, 0.023128, 
4, 10000, ,0.115177, 0.117584, 0.000613, 0.284758, 0.730366, 0.017879, 
4, 10000, ,0.088462, 0.109359, 0.000622, 0.282307, 0.723931, 0.016621, 
4, 10000, ,0.088209, 0.109637, 0.000616, 0.280936, 0.729784, 0.015468, 
4, 10000, ,0.087615, 0.109331, 0.000653, 0.279322, 0.728391, 0.017318, 
4, 10000, ,0.088855, 0.115996, 0.000605, 0.302828, 0.734881, 0.016321, 
4, 10000, ,0.089481, 0.108731, 0.000546, 0.282230, 0.734807, 0.017360, 
4, 10000, ,0.109104, 0.139864, 0.000696, 0.290459, 0.736948, 0.026767, 
4, 10000, ,0.088624, 0.109680, 0.000580, 0.277285, 0.721179, 0.017951, 
4, 10000, ,0.088495, 0.109845, 0.000575, 0.303184, 0.737345, 0.016974, 
4, 10000, ,0.089391, 0.109715, 0.000599, 0.279429, 0.722619, 0.017685, 
4, 10000, ,0.088558, 0.113904, 0.000643, 0.280814, 0.732355, 0.016954, 
4, 10000, ,0.119645, 0.133409, 0.000572, 0.280220, 0.729304, 0.017809, 
4, 10000, ,0.088560, 0.109709, 0.000546, 0.284407, 0.733643, 0.015221, 
4, 10000, ,0.093733, 0.108694, 0.000566, 0.279090, 0.725771, 0.016227, 
4, 10000, ,0.089370, 0.109543, 0.000655, 0.279819, 0.724559, 0.016195, 
8, 10000, ,0.050004, 0.080555, 0.000846, 0.301867, 0.825359, 0.139376, 
8, 10000, ,0.054349, 0.079019, 0.000832, 0.302203, 0.840529, 0.135549, 
8, 10000, ,0.055239, 0.079760, 0.000878, 0.301521, 0.825753, 0.153048, 
8, 10000, ,0.050145, 0.080670, 0.000858, 0.298072, 0.819549, 0.162000, 
8, 10000, ,0.065107, 0.085476, 0.000788, 0.305724, 0.829303, 0.148826, 
8, 10000, ,0.057301, 0.097867, 0.000858, 0.302231, 0.824990, 0.185684, 
8, 10000, ,0.054414, 0.079677, 0.000877, 0.304849, 0.829048, 0.164370, 
8, 10000, ,0.051822, 0.080611, 0.000861, 0.299920, 0.820990, 0.171610, 
8, 10000, ,0.055886, 0.080204, 0.000892, 0.300336, 0.837958, 0.169077, 
8, 10000, ,0.050147, 0.080541, 0.000850, 0.297508, 0.834197, 0.162019, 
8, 10000, ,0.067310, 0.080044, 0.000824, 0.307447, 0.826384, 0.136059, 
8, 10000, ,0.054759, 0.080509, 0.000885, 0.300089, 0.822829, 0.138299, 
8, 10000, ,0.068723, 0.079374, 0.000851, 0.314797, 0.821223, 0.166820, 
8, 10000, ,0.063286, 0.079644, 0.000838, 0.301515, 0.831078, 0.171729, 
8, 10000, ,0.060257, 0.079598, 0.000852, 0.300580, 0.811505, 0.171755, 
8, 10000, ,0.056071, 0.079512, 0.000849, 0.299264, 0.829794, 0.141438, 
8, 10000, ,0.071166, 0.079912, 0.000817, 0.308155, 0.832854, 0.170001, 
8, 10000, ,0.054383, 0.079675, 0.000841, 0.299669, 0.826812, 0.142901, 
8, 10000, ,0.064912, 0.089754, 0.000919, 0.306971, 0.838513, 0.162396, 
8, 10000, ,0.055025, 0.079646, 0.000845, 0.297361, 0.832377, 0.172775, 
8, 10000, ,0.050111, 0.080158, 0.000846, 0.299798, 0.822583, 0.168096, 
8, 10000, ,0.059925, 0.079972, 0.000910, 0.297056, 0.826071, 0.165487, 
8, 10000, ,0.053615, 0.080921, 0.000885, 0.303085, 0.828605, 0.147747, 
8, 10000, ,0.070930, 0.085091, 0.000910, 0.303646, 0.832159, 0.155124, 
8, 10000, ,0.065560, 0.079512, 0.000804, 0.309434, 0.822125, 0.153287, 
8, 10000, ,0.050254, 0.079853, 0.000844, 0.299091, 0.830402, 0.168668, 
8, 10000, ,0.055343, 0.080599, 0.000843, 0.301033, 0.828904, 0.177936, 
8, 10000, ,0.061742, 0.080085, 0.000847, 0.300225, 0.834362, 0.144549, 
8, 10000, ,0.054329, 0.079846, 0.000894, 0.299361, 0.825655, 0.166395, 
8, 10000, ,0.054635, 0.079922, 0.000832, 0.301695, 0.814855, 0.135740, 
16, 10000, ,0.052419, 0.091897, 0.016219, 0.338712, 0.817704, 0.257555, 
16, 10000, ,0.050907, 0.086816, 0.008552, 0.323758, 0.822163, 0.282854, 
16, 10000, ,0.055532, 0.092517, 0.003637, 0.277847, 0.810438, 0.252233, 
16, 10000, ,0.056370, 0.083585, 0.032073, 0.325518, 0.834564, 0.261032, 
16, 10000, ,0.057006, 0.081477, 0.037071, 0.311604, 0.826779, 0.298932, 
16, 10000, ,0.045648, 0.081988, 0.006675, 0.304034, 0.821072, 0.278777, 
16, 10000, ,0.056975, 0.089047, 0.019886, 0.279681, 0.827158, 0.218821, 
16, 10000, ,0.052254, 0.090863, 0.037682, 0.332736, 0.820793, 0.255734, 
16, 10000, ,0.053273, 0.083096, 0.014591, 0.301151, 0.826031, 0.239712, 
16, 10000, ,0.050564, 0.082019, 0.013332, 0.317119, 0.832435, 0.281095, 
16, 10000, ,0.056370, 0.082738, 0.010660, 0.344208, 0.815065, 0.290299, 
16, 10000, ,0.049438, 0.088728, 0.004904, 0.281202, 0.821006, 0.319944, 
16, 10000, ,0.053953, 0.087917, 0.029025, 0.321404, 0.838899, 0.224685, 
16, 10000, ,0.052732, 0.087159, 0.024633, 0.295934, 0.833487, 0.377052, 
16, 10000, ,0.051375, 0.084165, 0.014436, 0.302858, 0.820737, 0.247711, 
16, 10000, ,0.058236, 0.086280, 0.013983, 0.318428, 0.832717, 0.270963, 
16, 10000, ,0.049721, 0.086717, 0.021451, 0.283545, 0.824738, 0.222310, 
16, 10000, ,0.055308, 0.088520, 0.037785, 0.321632, 0.823177, 0.260550, 
16, 10000, ,0.043835, 0.085237, 0.022166, 0.317453, 0.828054, 0.241012, 
16, 10000, ,0.052112, 0.088979, 0.027416, 0.308656, 0.835605, 0.271023, 
16, 10000, ,0.046826, 0.087997, 0.023563, 0.315871, 0.825866, 0.298419, 
16, 10000, ,0.062268, 0.086671, 0.011430, 0.311815, 0.821756, 0.305011, 
16, 10000, ,0.051032, 0.086623, 0.021670, 0.278997, 0.813832, 0.259302, 
16, 10000, ,0.050974, 0.086391, 0.042604, 0.295959, 0.841646, 0.227716, 
16, 10000, ,0.051001, 0.087229, 0.022386, 0.308586, 0.822380, 0.278701, 
16, 10000, ,0.048832, 0.086351, 0.020436, 0.316153, 0.821941, 0.228488, 
16, 10000, ,0.048922, 0.087445, 0.030134, 0.317022, 0.839638, 0.266013, 
16, 10000, ,0.063619, 0.084635, 0.035733, 0.333412, 0.819771, 0.252362, 
16, 10000, ,0.050062, 0.085346, 0.025715, 0.270554, 0.829483, 0.278629, 
16, 10000, ,0.059044, 0.084052, 0.038351, 0.322499, 0.834835, 0.291187, 
24, 10000, ,0.048483, 0.095037, 0.033493, 0.340980, 0.822900, 0.351459, 
24, 10000, ,0.043672, 0.088878, 0.023552, 0.311611, 0.840098, 0.349659, 
24, 10000, ,0.046864, 0.087273, 0.046292, 0.286354, 0.820465, 0.268516, 
24, 10000, ,0.043707, 0.082524, 0.035004, 0.330915, 0.838161, 0.308474, 
24, 10000, ,0.047121, 0.088162, 0.042919, 0.334847, 0.824502, 0.322165, 
24, 10000, ,0.047289, 0.083401, 0.034372, 0.326917, 0.829413, 0.310238, 
24, 10000, ,0.052107, 0.093475, 0.028767, 0.323388, 0.832486, 0.295524, 
24, 10000, ,0.054232, 0.087413, 0.042856, 0.306595, 0.818780, 0.286941, 
24, 10000, ,0.044396, 0.084934, 0.052322, 0.318621, 0.836290, 0.316665, 
24, 10000, ,0.052834, 0.090294, 0.027988, 0.346175, 0.846303, 0.319382, 
24, 10000, ,0.052308, 0.086598, 0.039127, 0.323987, 0.837372, 0.328567, 
24, 10000, ,0.051753, 0.089361, 0.034893, 0.320866, 0.823526, 0.296801, 
24, 10000, ,0.044438, 0.083371, 0.036896, 0.347207, 0.845890, 0.306616, 
24, 10000, ,0.050621, 0.084799, 0.034928, 0.317747, 0.828427, 0.284175, 
24, 10000, ,0.043277, 0.082507, 0.025272, 0.353577, 0.825675, 0.321135, 
24, 10000, ,0.046941, 0.088032, 0.027828, 0.310319, 0.829740, 0.284416, 
24, 10000, ,0.045555, 0.083329, 0.036926, 0.336585, 0.815516, 0.338191, 
24, 10000, ,0.047583, 0.084332, 0.029935, 0.312248, 0.825561, 0.326797, 
24, 10000, ,0.046907, 0.085111, 0.027728, 0.329770, 0.836856, 0.318619, 
24, 10000, ,0.048718, 0.084143, 0.037212, 0.322089, 0.820952, 0.321252, 
24, 10000, ,0.052879, 0.087581, 0.028028, 0.302341, 0.824460, 0.369617, 
24, 10000, ,0.043028, 0.087485, 0.032856, 0.329876, 0.837838, 0.295825, 
24, 10000, ,0.055072, 0.098463, 0.046489, 0.362706, 0.818307, 0.330943, 
24, 10000, ,0.052152, 0.084435, 0.034216, 0.327245, 0.829391, 0.278853, 
24, 10000, ,0.055927, 0.088964, 0.028197, 0.316200, 0.822082, 0.272893, 
24, 10000, ,0.048197, 0.087563, 0.038502, 0.341174, 0.829999, 0.309957, 
24, 10000, ,0.055211, 0.082870, 0.040444, 0.339493, 0.819835, 0.272230, 
24, 10000, ,0.046376, 0.084780, 0.048322, 0.283070, 0.818992, 0.294717, 
24, 10000, ,0.052192, 0.089329, 0.031520, 0.320438, 0.825978, 0.335533, 
24, 10000, ,0.052051, 0.083744, 0.028889, 0.334130, 0.838541, 0.291484, 
32, 10000, ,0.042531, 0.089050, 0.036418, 0.328944, 0.837504, 0.358879, 
32, 10000, ,0.042473, 0.084709, 0.037542, 0.334469, 0.830857, 0.292707, 
32, 10000, ,0.042962, 0.086897, 0.040975, 0.346252, 0.827962, 0.335815, 
32, 10000, ,0.042583, 0.087022, 0.040273, 0.338147, 0.831955, 0.297327, 
32, 10000, ,0.057066, 0.083834, 0.041180, 0.334340, 0.837945, 0.288913, 
32, 10000, ,0.037839, 0.090316, 0.038997, 0.343761, 0.844393, 0.366188, 
32, 10000, ,0.046998, 0.086989, 0.034838, 0.324489, 0.829612, 0.325684, 
32, 10000, ,0.051348, 0.085758, 0.041617, 0.341437, 0.844600, 0.341443, 
32, 10000, ,0.052712, 0.088899, 0.049808, 0.339275, 0.835910, 0.297027, 
32, 10000, ,0.046292, 0.086881, 0.031407, 0.335207, 0.823555, 0.330628, 
32, 10000, ,0.042962, 0.087495, 0.036600, 0.340594, 0.839683, 0.325729, 
32, 10000, ,0.042662, 0.087544, 0.043183, 0.335734, 0.821421, 0.320925, 
32, 10000, ,0.054454, 0.086001, 0.037735, 0.330280, 0.837960, 0.338642, 
32, 10000, ,0.049268, 0.087427, 0.042875, 0.333217, 0.817830, 0.290879, 
32, 10000, ,0.045742, 0.086394, 0.036644, 0.332221, 0.837893, 0.264903, 
32, 10000, ,0.042790, 0.085559, 0.033736, 0.343529, 0.842075, 0.332180, 
32, 10000, ,0.045632, 0.085601, 0.034225, 0.326863, 0.832297, 0.335549, 
32, 10000, ,0.049886, 0.094919, 0.039781, 0.319844, 0.824607, 0.347669, 
32, 10000, ,0.047839, 0.085987, 0.031777, 0.342829, 0.826211, 0.326132, 
32, 10000, ,0.044079, 0.083533, 0.034052, 0.339631, 0.840404, 0.328553, 
32, 10000, ,0.039814, 0.085469, 0.043266, 0.331433, 0.827194, 0.304037, 
32, 10000, ,0.046383, 0.085434, 0.042921, 0.316687, 0.829564, 0.325593, 
32, 10000, ,0.044970, 0.084259, 0.033241, 0.350095, 0.846395, 0.329948, 
32, 10000, ,0.043742, 0.085976, 0.052845, 0.336334, 0.827820, 0.331973, 
32, 10000, ,0.040401, 0.086449, 0.031436, 0.324764, 0.840798, 0.394495, 
32, 10000, ,0.042229, 0.086946, 0.031028, 0.341768, 0.838965, 0.301148, 
32, 10000, ,0.040844, 0.084247, 0.037823, 0.356245, 0.849054, 0.337359, 
32, 10000, ,0.046203, 0.082574, 0.045220, 0.330579, 0.831236, 0.317569, 
32, 10000, ,0.050138, 0.088983, 0.037654, 0.344685, 0.825671, 0.364027, 
